id,magnitude,place,time,updated,status,tsunami,longitude,latitude,depth
atti5z8g,5.2,"111 km SE of False Pass, Alaska",1784031136000,1784031296339,automatic,0,-162.444,54.029,1.0
nc75395621,0.34,"5 km SSE of Parkfield, CA",1784031032790,1784031127219,automatic,0,-120.39933013916,35.8585014343262,2.85999989509583
nc75395606,1.14,"5 km SSE of Parkfield, CA",1784030607530,1784030702045,automatic,0,-120.400329589844,35.857666015625,3.42000007629395
aka2026nvgfep,2.3,"35 km SE of Denali National Park, Alaska",1784030298364,1784030416527,automatic,0,-151.282,63.287,5.0
ci41293807,0.39,"24 km N of Ridgecrest, CA",1784030189170,1784030399022,automatic,0,-117.6585,35.8336666666667,8.24
nc75395601,2.1,"11 km ESE of Gilroy, CA",1784030160910,1784031143647,automatic,0,-121.454498291016,36.9718322753906,5.30000019073486
ci41293799,0.65,"23 km N of Ridgecrest, CA",1784030108430,1784030325967,automatic,0,-117.6645,35.8283333333333,7.79
ci41293791,1.07,"23 km N of Ridgecrest, CA",1784030064590,1784030321988,automatic,0,-117.663,35.831,7.93
ci41293783,0.36,"24 km N of Ridgecrest, CA",1784030042410,1784030244927,automatic,0,-117.6585,35.832,8.91
ci41293775,0.73,"23 km N of Ridgecrest, CA",1784029977660,1784030183941,automatic,0,-117.663,35.8316666666667,7.33
nc75395596,1.84,"6 km SE of Parkfield, CA",1784029941080,1784030840530,automatic,0,-120.39282989502,35.8531684875488,5.28000020980835
nc75395591,2.14,"6 km SSE of Parkfield, CA",1784029888590,1784030242461,automatic,0,-120.39966583252,35.8549995422363,4.42000007629395
nc75395586,1.09,"10 km NW of The Geysers, CA",1784029814470,1784029910912,automatic,0,-122.851165771484,38.8313331604004,1.4099999666214
aka2026nvfvcs,1.1,"114 km SE of McCarthy, Alaska",1784029608942,1784029716434,automatic,0,-141.5,60.666,16.1
aka2026nvfugb,1.6,"5 km ESE of Sutton-Alpine, Alaska",1784029548968,1784029624505,automatic,0,-148.669,61.768,4.0
aka2026nvfjny,1.6,"73 km ENE of Ugashik, Alaska",1784028808676,1784028870157,automatic,0,-156.199,57.664,5.0
hv75002281,2.45,"2 km N of Pāhala, Hawaii",1784028699470,1784028911440,automatic,0,-155.480163574219,19.2234992980957,32.5999984741211
nc75395581,0.48,"3 km NNW of The Geysers, CA",1784028326370,1784028421797,automatic,0,-122.768836975098,38.8026657104492,3.77999997138977
ci41293751,1.5,"20 km ENE of Little Lake, CA",1784028321370,1784028526508,automatic,0,-117.7135,36.0213333333333,2.3
nc75395576,2.69,"11 km ESE of Gilroy, CA",1784027516190,1784027918966,automatic,0,-121.451835632324,36.9674987792969,3.48000001907349
hv75002271,2.1,"4 km SSW of Pāhala, Hawaii",1784027235820,1784027440060,automatic,0,-155.496505737305,19.1668338775635,30.3700008392334
ci41293743,1.2,"18 km WSW of Johannesburg, CA",1784027064980,1784027272839,automatic,0,-117.8175,35.302,8.82
us7000t0am,4.0,"209 km W of Port McNeill, Canada",1784026689498,1784029708222,reviewed,0,-130.0482,50.7308,10.0
ci41293735,1.17,"9 km SE of Oak Hills, CA",1784025571290,1784025779768,automatic,0,-117.304333333333,34.33,28.47
nc75395571,1.53,"9 km NW of Redwood Valley, CA",1784024804600,1784029644391,automatic,0,-123.263999938965,39.3274993896484,5.92000007629395
ci41293727,1.06,"18 km WSW of Johannesburg, CA",1784024609100,1784024813464,automatic,0,-117.82,35.3035,8.62
pr71523998,2.0,"4 km SW of Sabana Grande, Puerto Rico",1784024424810,1784028609170,reviewed,0,-66.9905,18.0446666666667,10.29
aka2026nvcmky,2.2,"16 km W of Cohoe, Alaska",1784023610098,1784024496158,automatic,0,-151.606,60.389,70.8
nc75395551,0.34,"1 km NNW of The Geysers, CA",1784022762730,1784022859331,automatic,0,-122.761497497559,38.7900009155273,2.51999998092651
us7000t0ag,4.4,"25 km SE of Tambolaka, Indonesia",1784022756501,1784024122040,reviewed,0,119.3992,-9.5899,48.661
aka2026nvbnaz,1.5,"95 km NNW of Yakutat, Alaska",1784021854356,1784021953673,automatic,0,-140.512,60.308,19.8
tx2026nsvrfn,1.6,"31 km NW of Toyah, Texas",1784021220506,1784023278328,automatic,0,-104.018,31.522,4.9322
nc75395546,1.49,"5 km NNW of Redwood Valley, CA",1784020320990,1784022140522,automatic,0,-123.219665527344,39.3089981079102,2.34999990463257
pr71523978,2.76,"0 km ENE of Guánica, Puerto Rico",1784019554040,1784025277440,reviewed,0,-66.904,17.9731666666667,12.94
aka2026nuzyqb,1.2,"23 km SW of Ester, Alaska",1784019056818,1784019128959,automatic,0,-148.298,64.672,0.2
ci41293711,1.06,"17 km WSW of Johannesburg, CA",1784018802800,1784019007676,automatic,0,-117.809666666667,35.3163333333333,7.61
nc75395541,2.3,"2 km WSW of Granite Bay, CA",1784018684650,1784020043277,automatic,0,-121.182662963867,38.7565002441406,9.52000045776367
ci41293703,0.85,"3 km NE of San Dimas, CA",1784018447710,1784018660291,automatic,0,-117.7835,34.1296666666667,12.69
tx2026nstrra,1.8,"59 km S of Whites City, New Mexico",1784017621126,1784017831379,automatic,0,-104.414,31.637,3.1984
tx2026nstpck,1.8,"59 km S of Whites City, New Mexico",1784017621117,1784019638073,automatic,0,-104.413,31.638,3.2377
ci41293687,0.85,"7 km SSW of Redlands, CA",1784017595730,1784017799800,automatic,0,-117.204166666667,33.9926666666667,15.51
us7000t0a3,5.6,"11 km N of Pichigua, Peru",1784017266499,1784025091536,reviewed,0,-71.4358,-14.5779,140.088
us7000t09z,4.9,"50 km E of Noda, Japan",1784016450199,1784028575723,reviewed,0,142.4075,40.1657,44.48
aka2026nuygnk,2.2,"76 km W of Akhiok, Alaska",1784016004534,1784016108350,automatic,0,-155.436,56.978,0.3
ci41293679,1.23,"17 km SW of La Quinta, CA",1784015837830,1784016454790,automatic,0,-116.452333333333,33.5731666666667,10.8
pr71523953,3.17,"1 km S of Guánica, Puerto Rico",1784015756970,1784027688045,reviewed,0,-66.9076666666667,17.962,13.64
hv75002206,1.7,"25 km ESE of Naalehu, Hawaii",1784015649660,1784015857710,automatic,0,-155.352005004883,18.9978332519531,31.0300006866455
ci41293671,0.81,"15 km W of Johannesburg, CA",1784015627100,1784015837524,automatic,0,-117.7945,35.3613333333333,6.02
aka2026nuxyrh,3.8,"80 km W of Akhiok, Alaska",1784015461013,1784015630810,automatic,0,-155.49,56.984,0.0
ci41293663,0.25,"9 km S of Idyllwild, CA",1784015341130,1784015551351,automatic,0,-116.7075,33.6571666666667,14.97
aka2026nuxwjd,1.8,"19 km NW of Girdwood, Alaska",1784015302024,1784015889429,automatic,0,-149.419,61.069,21.2
ci41293655,1.21,"11 km NNW of Anza, CA",1784015116280,1784015786660,automatic,0,-116.717166666667,33.6428333333333,15.98
aka2026nuxtcr,1.6,"13 km SSW of Tanana, Alaska",1784015074671,1784015201358,automatic,0,-152.223,65.068,9.5
us7000t09u,5.0,"117 km E of Noda, Japan",1784015049565,1784016045040,reviewed,0,143.1932,40.1338,11.338
ci41293647,0.52,"6 km SSE of Redlands, CA",1784014437930,1784014644503,automatic,0,-117.150333333333,34.0103333333333,4.53
ci41293639,0.86,"6 km SSE of Redlands, CA",1784013869380,1784014070057,automatic,0,-117.154,34.0106666666667,4.12
nc75395531,0.91,"11 km WNW of The Geysers, CA",1784013852040,1784013950111,automatic,0,-122.867500305176,38.8296661376953,2.52999997138977
pr71523943,2.22,"2 km NW of Tallaboa, Puerto Rico",1784013843580,1784028057230,reviewed,0,-66.7343333333333,18.0135,15.01
us7000t09r,4.8,"18 km WSW of Mabiton, Philippines",1784013527994,1784017655040,reviewed,0,123.0967,12.7846,10.0
ci41293631,1.18,"6 km SSE of Redlands, CA",1784013270230,1784013481564,automatic,0,-117.151833333333,34.0096666666667,3.99
ci41293623,0.39,"7 km WSW of Anza, CA",1784013146170,1784013359081,automatic,0,-116.737833333333,33.5253333333333,2.89
aka2026nuwois,1.6,"62 km NNE of Petersville, Alaska",1784012948003,1784013037865,automatic,0,-150.354,63.026,102.0
nn00921644,1.55,"49 km SSW of Rachel, Nevada",1784012714473,1784012957213,automatic,0,-115.8639,37.2096,0.0008
us7000t09m,5.2,"14 km WSW of Mabiton, Philippines",1784012694275,1784022276087,reviewed,0,123.136,12.7967,10.0
nc75395526,1.02,"7 km NW of The Geysers, CA",1784012251890,1784012350109,automatic,0,-122.804000854492,38.8241653442383,2.50999999046326
nc75395521,1.08,"4 km W of Cobb, CA",1784011939720,1784012034861,automatic,0,-122.765830993652,38.8253326416016,1.98000001907349
nc75395516,1.44,"2 km W of Glen Ellen, CA",1784011903480,1784013739552,automatic,0,-122.554664611816,38.3665008544922,7.57000017166138
us7000t09h,4.6,"48 km NNE of Kon Tum, Vietnam",1784011685687,1784020722040,reviewed,0,108.227,14.7321,10.0
ci41293599,0.54,"7 km WSW of Anza, CA",1784011500980,1784011712378,automatic,0,-116.736333333333,33.525,2.79
ci41293591,1.88,"34 km NE of Ensenada, B.C., MX",1784011349690,1784011987200,automatic,0,-116.383333333333,32.0966666666667,7.79
us7000t09g,4.4,"191 km N of Tobelo, Indonesia",1784011057880,1784012462040,reviewed,0,128.0077,3.4609,107.53
hv75002156,2.75,"3 km SSW of Pāhala, Hawaii",1784010728370,1784018470040,automatic,0,-155.495666503906,19.1771659851074,29.2199993133545
hv75002151,2.34,"3 km SE of Pa‘auilo, Hawaii",1784010447350,1784016681040,automatic,0,-155.348007202148,20.0121669769287,9.93000030517578
ci41293583,1.27,"17 km WSW of Johannesburg, CA",1784009943640,1784010142212,automatic,0,-117.803,35.312,6.31
ci41293575,0.26,"7 km WSW of Anza, CA",1784009887090,1784010096288,automatic,0,-116.738166666667,33.5248333333333,2.88
ci41293567,0.91,"8 km NE of San Jacinto, CA",1784009773220,1784009974897,automatic,0,-116.901833333333,33.8398333333333,22.89
ci41293559,0.84,"4 km SSW of Redlands, CA",1784009764520,1784009978881,automatic,0,-117.194166666667,34.025,4.06
us7000t097,4.8,Mid-Indian Ridge,1784009706359,1784010813040,reviewed,0,66.9107,-14.9372,10.0
pr71523938,2.59,"2 km WSW of Indios, Puerto Rico",1784009217640,1784027595700,reviewed,0,-66.8398333333333,17.9853333333333,15.68
tx2026nsoujh,1.4,"32 km SE of Malaga, New Mexico",1784008763052,1784017875513,reviewed,0,-103.859,31.996,7.1509
ci41293551,1.57,"8 km SSE of Malibu Beach, CA",1784008610780,1784008828436,automatic,0,-118.657333333333,33.9678333333333,10.15
pr71523928,1.96,"6 km S of Jobos, Puerto Rico",1784008311450,1784026577710,reviewed,0,-66.1566666666667,17.8936666666667,32.25
tx2026nsomvs,0.5,"28 km WSW of Ackerly, Texas",1784008233827,1784026336517,reviewed,0,-102.004,32.434,6.958
ci41293543,0.84,"19 km WSW of Johannesburg, CA",1784008047680,1784008253343,automatic,0,-117.8205,35.3021666666667,8.8
ci41293535,2.46,"18 km WSW of Johannesburg, CA",1784007891870,1784008548380,automatic,0,-117.820166666667,35.31,8.29
ci41293527,0.63,"18 km SSW of Searles Valley, CA",1784007495420,1784007693208,automatic,0,-117.4765,35.6176666666667,5.25
tx2026nsoblz,0.6,"30 km SSE of Whites City, New Mexico",1784007442001,1784022186576,reviewed,0,-104.23,31.932,1.9214
uw714049242,1.78353226184845,"15 km E of West Side Highway, Washington",1784007375560,1784007518860,automatic,0,-122.721496582031,46.1918334960938,19.25
ci41293519,1.85,"4 km ESE of Vincent, CA",1784007100200,1784007313295,automatic,0,-118.0765,34.4911666666667,10.47
ci41293511,0.66,"7 km ESE of Valle Vista, CA",1784006870780,1784007073873,automatic,0,-116.824333333333,33.7133333333333,16.9
tx2026nsnqkz,1.1,"11 km SSW of Jal, New Mexico",1784006697981,1784021615011,reviewed,0,-103.243,32.017,5.7922
pr71523913,2.18,"2 km SSW of Guánica, Puerto Rico",1784006573780,1784025879650,reviewed,0,-66.9156666666667,17.9531666666667,14.53
ci41293503,0.86,"19 km WSW of Johannesburg, CA",1784006381650,1784006590695,automatic,0,-117.820666666667,35.3025,9.0
hv75002101,2.47,"18 km SSE of Pāhala, Hawaii",1784006351790,1784006769040,automatic,0,-155.386169433594,19.0601673126221,35.6699981689453
hv75002096,1.71,"12 km ESE of Pāhala, Hawaii",1784005206830,1784005410670,automatic,0,-155.367340087891,19.1691665649414,29.9099998474121
ci41293495,1.7,"22 km ESE of Anza, CA",1784004997900,1784005214536,automatic,0,-116.450333333333,33.4813333333333,12.1
tx2026nsmgxg,1.1,"12 km SW of Jal, New Mexico",1784004199643,1784022978107,reviewed,0,-103.272,32.025,5.9973
nc75395481,0.75,"2 km NW of The Geysers, CA",1784004084780,1784004179852,automatic,0,-122.773002624512,38.7866668701172,1.03999996185303
nc75395471,0.44,"7 km NW of The Geysers, CA",1784003334540,1784003429737,automatic,0,-122.81583404541,38.8185005187988,2.57999992370605
ci41293487,0.79,"20 km WNW of Progreso, B.C., MX",1784002736180,1784002940853,automatic,0,-115.78,32.6445,7.71
ci41293479,0.82,"18 km WSW of Johannesburg, CA",1784002716970,1784002924127,automatic,0,-117.818833333333,35.3015,8.95
nm60505943,2.22,"3 km N of Strawberry, Arkansas",1784002681770,1784031172790,reviewed,0,-91.3216666666667,35.9993333333333,10.82
pr71523908,2.48,"1 km S of Guánica, Puerto Rico",1784002604010,1784026215920,reviewed,0,-66.911,17.9546666666667,14.44
ci41293471,0.43,"16 km E of Little Lake, CA",1784002532000,1784002742462,automatic,0,-117.732333333333,35.916,7.78
pr71523893,2.35,"3 km S of Maria Antonia, Puerto Rico",1784002512500,1784025468260,reviewed,0,-66.8838333333333,17.9471666666667,7.21
nc75395456,1.49,"2 km WSW of Wilkerson, CA",1784001551710,1784004445515,automatic,0,-118.404663085938,37.2696647644043,12.4899997711182
ci41293463,1.36,"17 km WSW of Johannesburg, CA",1784001406710,1784001612252,automatic,0,-117.803,35.3145,7.4
nc75395451,1.26,"15 km SE of Pinnacles, CA",1784000579420,1784002942324,automatic,0,-121.032333374023,36.4324989318848,7.73999977111816
ci41293455,1.05,"11 km WSW of Niland, CA",1783999913780,1784000118092,automatic,0,-115.628,33.2156666666667,3.44
ci41293447,0.83,"4 km ENE of Llano, CA",1783999570750,1783999768635,automatic,0,-117.746833333333,34.5123333333333,9.16
us7000t08m,4.2,"9 km ESE of Jurm, Afghanistan",1783999345677,1783999912040,reviewed,0,70.9297,36.8385,211.576
nc75395446,1.86,"11 km ESE of Willits, CA",1783999291050,1784001443543,automatic,0,-123.231330871582,39.3728332519531,6.73000001907349
nc75395441,1.48,"13 km WNW of Calistoga, CA",1783998096870,1783999940390,automatic,0,-122.705665588379,38.6353340148926,6.55999994277954
ci41293439,0.76,"5 km S of Redlands, CA",1783998014530,1783998214708,automatic,0,-117.176666666667,34.0088333333333,4.9
pr71523888,2.66,"3 km WNW of Fuig, Puerto Rico",1783997835920,1784024420130,reviewed,0,-66.9495,17.9971666666667,12.39
tx2026nsirkh,1.7,"54 km W of Mentone, Texas",1783997688840,1784015900011,reviewed,0,-104.169,31.702,7.3944
tx2026nsiljz,1.6,"57 km NW of Toyah, Texas",1783997270964,1784016941724,reviewed,0,-104.27,31.627,7.3303
aka2026nunqyn,1.9,"65 km SE of Denali National Park, Alaska",1783996937787,1783997037110,automatic,0,-150.791,63.132,126.5
ci41293431,0.9,"20 km N of Searles Valley, CA",1783996483790,1783996690878,automatic,0,-117.3905,35.9496666666667,2.45
tx2026nshnds,1.8,"42 km NW of Toyah, Texas",1783995583986,1784014503212,reviewed,0,-104.137,31.562,7.074
ci41293423,0.74,"12 km SW of Searles Valley, CA",1783995537220,1783995739931,automatic,0,-117.502,35.7008333333333,5.51
nc75395421,0.79,"3 km ESE of The Geysers, CA",1783995419680,1783995514840,automatic,0,-122.728668212891,38.7675018310547,2.0699999332428
ci41293415,1.21214365967078,"10 km NW of Anza, CA",1783994923760,1783995050192,automatic,0,-116.745666503906,33.6213340759277,19.7000007629395
ci41293407,1.11,"17 km N of Indio, CA",1783994747490,1783994953577,automatic,0,-116.2055,33.8736666666667,8.42
nc75395411,1.07,"7 km NW of The Geysers, CA",1783994109170,1783994204616,automatic,0,-122.81600189209,38.8154983520508,2.69000005722046
nc75395391,0.75,"7 km NW of The Geysers, CA",1783993128640,1783993224437,automatic,0,-122.817337036133,38.8129997253418,2.01999998092651
us7000t085,4.6,"34 km SE of Sarangani, Philippines",1783993104646,1783994022040,reviewed,0,125.6791,5.1842,66.185
us7000t083,4.9,southeast of the Loyalty Islands,1783992450487,1783994816040,reviewed,0,171.4439,-22.7425,10.0
ci41293391,0.87,"15 km NE of Little Lake, CA",1783992117380,1783992327668,automatic,0,-117.769,36.018,2.0
us7000t07s,5.0,"2 km WSW of Congregación Reforma, Mexico",1783991999535,1784007933664,reviewed,0,-92.3316,14.7717,80.448
tx2026nsfgfx,0.7,"10 km S of Ackerly, Texas",1783991572852,1784024153724,reviewed,0,-101.714,32.434,3.6865
hv75002021,2.67,"16 km SE of Fern Forest, Hawaii",1783991270770,1783995179040,automatic,0,-155.031997680664,19.3595008850098,4.11999988555908
aka2026nuknam,1.6,"32 km NNE of Petersville, Alaska",1783991266361,1783991365049,automatic,0,-150.499,62.76,85.0
us7000t07r,4.6,"6 km NW of San Rafael, Philippines",1783990995881,1784014046124,reviewed,0,122.9157,13.1309,10.0
nc75395381,0.28,"2 km WNW of The Geysers, CA",1783990968350,1783991065443,automatic,0,-122.779167175293,38.7831649780273,5.21999979019165
nc75395376,1.13,"9 km SE of Cloverdale, CA",1783989518140,1783995143809,automatic,0,-122.930000305176,38.7546653747559,2.60999989509583
ci41293375,1.45,"2 km W of Orange, CA",1783988795840,1783989456190,automatic,0,-117.856333333333,33.8036666666667,4.75
nc75395356,1.02,"13 km ENE of Cloverdale, CA",1783988477510,1783988574816,automatic,0,-122.880332946777,38.8424987792969,2.33999991416931
ci41293359,1.18,"0 km E of Loma Linda, CA",1783987623790,1783987828191,automatic,0,-117.2565,34.0483333333333,14.74
tx2026nsczdp,0.1,"40 km WSW of Ackerly, Texas",1783987366466,1784027736405,automatic,0,-102.109,32.383,4.7584
av93064049,0.75,"8 km E of Unalaska, Alaska",1783986735230,1784013047820,reviewed,0,-166.4125,53.8675,11.61
pr71523878,2.15,"2 km SE of Boquerón, Puerto Rico",1783986717990,1783988830330,reviewed,0,-67.1533333333333,18.0065,13.82
tx2026nscgby,1.8,"16 km NNW of Toyah, Texas",1783986186317,1783987238201,automatic,0,-103.867,31.453,8.1547
nc75395346,0.88,"7 km WNW of Cobb, CA",1783985660310,1783985754890,automatic,0,-122.800498962402,38.8381652832031,2.11999988555908
nc75395341,1.61,"7 km NW of The Geysers, CA",1783985655150,1783992141458,automatic,0,-122.8193359375,38.8144989013672,2.65000009536743
nc75395331,0.45,"8 km WNW of Cobb, CA",1783984791840,1783984889703,automatic,0,-122.813835144043,38.8371658325195,2.16000008583069
ci41293327,1.7,"5 km NNW of Boron, CA",1783984791200,1783987939349,reviewed,0,-117.6695,35.0431666666667,-0.79
nc75395326,0.88,"8 km WNW of Cobb, CA",1783984323110,1783984420760,automatic,0,-122.811836242676,38.8371658325195,2.17000007629395
ci41293303,0.62,"3 km E of Running Springs, CA",1783984165480,1783987555937,reviewed,0,-117.075,34.2093333333333,4.01
aka2026nugnky,2.7,"25 km N of Fishhook, Alaska",1783984100930,1783986689129,automatic,0,-149.178,61.972,29.2
aka2026nuggtl,0.9,"4 km E of Fox, Alaska",1783983636484,1783983709866,automatic,0,-147.528,64.953,5.0
pr71523868,1.46,"6 km S of Guánica, Puerto Rico",1783983627720,1783984496790,reviewed,0,-66.9088333333333,17.9098333333333,13.79
ci41293279,0.47,"19 km W of Searles Valley, CA",1783983583840,1783986928909,reviewed,0,-117.612,35.7826666666667,10.3
aka2026nugcox,1.2,"7 km WSW of Chickaloon, Alaska",1783983347441,1783983429657,automatic,0,-148.605,61.78,7.8
ci41293255,1.06,"18 km WSW of Johannesburg, CA",1783983222000,1783983422015,automatic,0,-117.818,35.3145,8.72
ci41293247,2.25,"17 km WSW of Johannesburg, CA",1783982956170,1783987039790,reviewed,0,-117.813666666667,35.3166666666667,4.73
nc75395311,0.7,"5 km WNW of Cobb, CA",1783982435170,1783982529473,automatic,0,-122.783164978027,38.8375015258789,2.10999989509583
aka2026nufgcf,1.1,"10 km E of Healy, Alaska",1783981790936,1783981886338,automatic,0,-148.76,63.842,116.6
nc75395296,0.77,"7 km NW of The Geysers, CA",1783981596470,1783981695247,automatic,0,-122.813667297363,38.8203315734863,2.80999994277954
ci41293207,0.7,"7 km E of Calimesa, CA",1783980904740,1783981116245,automatic,0,-116.973166666667,33.9973333333333,11.55
ci41293199,1.08,"7 km E of Calimesa, CA",1783980413700,1783987030230,reviewed,0,-116.976333333333,33.9971666666667,11.09
tx2026nrzcyg,1.2,"38 km NW of Toyah, Texas",1783980389981,1783980599595,automatic,0,-104.05,31.588,5.954
ci41293191,1.19,"17 km WSW of Johannesburg, CA",1783980071630,1783986979653,reviewed,0,-117.815333333333,35.3225,6.84
us7000t06z,4.4,Greenland Sea,1783980050419,1783985807040,reviewed,0,7.8819,73.7141,10.0
aka2026nueaik,1.6,"17 km NE of Karluk, Alaska",1783979593440,1783979688172,automatic,0,-154.223,57.671,43.6
aka2026nudvkh,2.1,"70 km WSW of Karluk, Alaska",1783979252151,1783979353321,automatic,0,-155.433,57.223,14.1
pr71523848,2.29,"3 km S of Guánica, Puerto Rico",1783979232170,1783980339490,reviewed,0,-66.9141666666667,17.9378333333333,14.34
av93064039,0.22,"6 km W of Dutch Harbor, Alaska",1783979192120,1784012537310,reviewed,0,-166.644,53.8956666666667,9.38
av93064034,-0.19,"87 km NNW of Karluk, Alaska",1783978978050,1784011996760,reviewed,0,-154.977,58.3001666666667,2.14
aka2026nudqtv,1.4,"107 km WNW of Yakutat, Alaska",1783978931484,1783979021847,automatic,0,-141.425,59.986,22.0
pr71523858,2.2,"6 km S of Guánica, Puerto Rico",1783978772570,1783980333440,reviewed,0,-66.909,17.9111666666667,14.64
pr71523833,2.69,"4 km S of Guánica, Puerto Rico",1783978703850,1784021970170,reviewed,0,-66.9151666666667,17.9288333333333,14.48
hv75001851,2.28,"4 km SW of Pāhala, Hawaii",1783978347260,1783988430820,reviewed,0,-155.505,19.1695,30.9
us7000t06l,4.3,Greenland Sea,1783978218011,1783983914040,reviewed,0,8.2919,73.6953,10.0
pr71523823,1.63,"2 km SSW of Guánica, Puerto Rico",1783978177680,1783978632660,reviewed,0,-66.9155,17.9495,14.52
ci41293167,1.07,"18 km WSW of Johannesburg, CA",1783978082740,1783981054498,reviewed,0,-117.815166666667,35.315,8.91
ci41293159,0.8,"16 km WSW of Johannesburg, CA",1783977912920,1783984149549,reviewed,0,-117.801166666667,35.316,7.15
nc75395266,1.5,"9 km SE of Cloverdale, CA",1783977544340,1783986447857,automatic,0,-122.929496765137,38.7551651000977,5.3600001335144
nc75395261,1.81,"9 km SSE of Cloverdale, CA",1783977450600,1783984940695,automatic,0,-122.967666625977,38.7386665344238,0.959999978542328
us7000t06f,4.5,"145 km NNE of Sorong, Indonesia",1783976767520,1783982452040,reviewed,0,131.6675,0.3702,10.0
us7000t06d,5.0,southeast of the Loyalty Islands,1783976617178,1783977686040,reviewed,0,171.5098,-22.9464,10.0
av93064029,0.96,"75 km WSW of False Pass, Alaska",1783976586120,1784011397120,reviewed,0,-164.449166666667,54.548,4.23
pr71523818,1.76,"1 km SSW of Guánica, Puerto Rico",1783976530180,1783977384090,reviewed,0,-66.917,17.9576666666667,15.01
tx2026nrwsar,1.6,"57 km S of Whites City, New Mexico",1783976009084,1783976459663,automatic,0,-104.367,31.656,6.714
ci41293111,1.03,"17 km WSW of Johannesburg, CA",1783975564040,1783983043584,reviewed,0,-117.808,35.3165,8.28
aka2026nubpcw,1.3,"3 km NNW of Farmers Loop, Alaska",1783975218861,1783975284421,automatic,0,-147.736,64.94,5.0
nc75395251,0.43,"6 km WNW of The Geysers, CA",1783975210330,1783975304710,automatic,0,-122.814163208008,38.7998352050781,3.16000008583069
nc75395246,0.32,"3 km NW of The Geysers, CA",1783974992160,1783975089135,automatic,0,-122.781669616699,38.7948341369629,3.42000007629395
ci41293079,0.7,"19 km NNE of Indio, CA",1783974897280,1783976130792,reviewed,0,-116.171,33.8845,5.38
ci41293071,0.98,"17 km WSW of Johannesburg, CA",1783974836300,1783976465042,reviewed,0,-117.811666666667,35.3161666666667,8.44
av93064024,-0.53,"Rat Islands, Aleutian Islands, Alaska",1783974686010,1784011125830,reviewed,0,178.559166666667,51.9831666666667,7.52
nc75395241,1.19,"3 km SE of The Geysers, CA",1783974569640,1783975646652,automatic,0,-122.728500366211,38.757999420166,2.27999997138977
aka2026nuayne,1.0,"92 km N of Karluk, Alaska",1783974069766,1784010975590,automatic,0,-154.688,58.389,5.0
nc75395231,1.21,"3 km SE of Pacifica, CA",1783973865420,1783980443180,automatic,0,-122.463668823242,37.599666595459,8.60000038146973
ci41293039,1.55,"17 km WSW of Johannesburg, CA",1783972790420,1783973647933,reviewed,0,-117.809833333333,35.3156666666667,7.36
aka2026nuaawj,1.7,"5 km E of Sutton-Alpine, Alaska",1783972434573,1783972790284,automatic,0,-148.654,61.78,0.7
ci41293023,1.1,"4 km N of Frazier Park, CA",1783972358730,1783987035090,reviewed,0,-118.950333333333,34.8575,14.34
us7000t05y,4.8,southeast of the Loyalty Islands,1783972112876,1783973401040,reviewed,0,171.5441,-23.0777,10.0
hv75001786,2.12,"6 km SSW of Pāhala, Hawaii",1783971466040,1783971680060,automatic,0,-155.50700378418,19.154167175293,29.8600006103516
ci10245830,0.22,"11 km SSW of Searles Valley, CA",1783971333740,1783975342898,reviewed,0,-117.429666666667,35.6675,8.32
ci41292999,1.13,"18 km WSW of Johannesburg, CA",1783971332850,1783975358611,reviewed,0,-117.813333333333,35.3081666666667,8.92
ci41292991,1.39,"18 km WSW of Johannesburg, CA",1783970968980,1783971296953,reviewed,0,-117.806166666667,35.2941666666667,7.36
ci41292983,1.2,"18 km WSW of Johannesburg, CA",1783970802810,1783971312701,reviewed,0,-117.807666666667,35.293,7.27
ci41292975,0.95,"17 km WSW of Johannesburg, CA",1783970709080,1783971578935,reviewed,0,-117.815,35.3183333333333,8.21
uw714048722,1.57,"3 km E of Granite Falls, Washington",1783970689530,1783995223100,reviewed,0,-121.917333333333,48.088,-0.39
pr71523808,2.42,"68 km N of Cruz Bay, U.S. Virgin Islands",1783970593700,1783972062190,reviewed,0,-64.7318333333333,18.947,9.84
ci41292967,1.1,"16 km SSW of Tehachapi, CA",1783970525500,1783971389764,reviewed,0,-118.5095,34.9976666666667,9.25
ci41292943,1.18,"17 km WSW of Johannesburg, CA",1783970354680,1783972022288,reviewed,0,-117.805333333333,35.319,7.29
ci10245814,0.86,"17 km WSW of Johannesburg, CA",1783970336130,1783972415931,reviewed,0,-117.802666666667,35.3001666666667,7.3
ci41292935,1.01,"18 km WSW of Johannesburg, CA",1783970294220,1783971406526,reviewed,0,-117.806166666667,35.2965,7.2
ci10245878,1.14,"18 km WSW of Johannesburg, CA",1783970236180,1783982616418,reviewed,0,-117.8105,35.3023333333333,7.65
ci41292927,1.13,"18 km WSW of Johannesburg, CA",1783970214060,1783981268676,reviewed,0,-117.805166666667,35.2985,8.45
ci41292919,1.99,"19 km WSW of Johannesburg, CA",1783969876140,1783971787080,reviewed,0,-117.8165,35.2971666666667,8.61
ci41292911,1.13,"17 km WSW of Johannesburg, CA",1783969751360,1783971439095,reviewed,0,-117.812666666667,35.317,8.66
ci41292903,0.68,"3 km NW of Hemet, CA",1783969626860,1783971594749,reviewed,0,-116.9945,33.7661666666667,16.62
aka2026ntylsq,1.5,"27 km W of Ivanof Bay, Alaska",1783969582853,1784010315010,automatic,0,-159.912,55.858,8.8
ci41292895,2.12,"19 km NNE of Indio, CA",1783969441650,1783971660660,reviewed,0,-116.171333333333,33.8848333333333,4.64
aka2026ntydlg,3.7,"Rat Islands, Aleutian Islands, Alaska",1783969262766,1784013584900,reviewed,0,177.703,50.373,172.3
ci41292879,1.14,"6 km S of Mojave, CA",1783969032180,1783972826804,reviewed,0,-118.18,34.9998333333333,-0.89
ok2026nqbo,0.79,"2 km E of Burbank, Oklahoma",1783968954679,1783975121442,reviewed,0,-96.70066667,36.6985,0.0
ci41292871,2.39,"18 km WSW of Johannesburg, CA",1783968860510,1783970068530,reviewed,0,-117.8085,35.2961666666667,7.85
nn00921621,1.89,"25 km WNW of Tonopah, Nevada",1783968824238,1783969689745,reviewed,0,-117.5152,38.13,11.1072
av93064009,0.7,"76 km WSW of False Pass, Alaska",1783968306980,1784008033050,reviewed,0,-164.470166666667,54.549,8.56
nc75395151,2.8,"22 km NW of Petrolia, CA",1783968268260,1784018145102,automatic,0,-124.480331420898,40.4591674804688,18.6000003814697
ok2026nqav,1.5,"4 km SW of Hulbert, Oklahoma",1783967594960,1783975119092,reviewed,0,-95.17733333,35.9055,0.0
ci41292863,1.02,"22 km NNW of Borrego Springs, CA",1783967482280,1783973588958,reviewed,0,-116.442333333333,33.4413333333333,12.48
ci41292855,2.58,"18 km WSW of Johannesburg, CA",1783967353590,1783974084161,reviewed,0,-117.807333333333,35.2945,7.77
ci41292847,1.59,"17 km WSW of Johannesburg, CA",1783967194500,1783968970467,reviewed,0,-117.809,35.3156666666667,7.3
aka2026ntwzfs,1.6,"64 km ENE of Pedro Bay, Alaska",1783966924524,1783967349434,automatic,0,-153.093,60.056,126.4
nc75395116,1.62,"3 km ENE of The Geysers, CA",1783966670870,1783971743203,automatic,0,-122.726997375488,38.7900009155273,0.860000014305115
aka2026ntwvfw,0.3,"84 km NW of Karluk, Alaska",1783966646025,1784007432470,automatic,0,-155.338,58.168,5.0
ci41292839,1.24,"5 km SSE of Home Gardens, CA",1783966521650,1783968022532,reviewed,0,-117.495666666667,33.8415,-0.51
tx2026nrrgmi,2.1,"44 km NW of Toyah, Texas",1783966153856,1783974029510,reviewed,0,-104.111,31.611,5.6769
tx2026nrrene,1.6,"36 km SSW of Los Ybanez, Texas",1783966016893,1783968421602,reviewed,0,-102.119,32.436,8.8135
ci41292831,1.3,"18 km WSW of Johannesburg, CA",1783965540830,1783966444335,reviewed,0,-117.817166666667,35.3036666666667,8.26
us7000t04s,4.0,"215 km WNW of Anamizu, Japan",1783965506654,1783969045040,reviewed,0,134.5791,37.8376,412.725
ci41292823,1.02,"10 km N of Coso Junction, CA",1783965497750,1783966459857,reviewed,0,-117.931,36.1298333333333,5.15
aka2026ntwdbj,1.2,"30 km NNE of Whittier, Alaska",1783965391103,1783965587558,automatic,0,-148.407,61.008,13.2
aka2026ntvzoc,1.1,"89 km WSW of Nanwalek, Alaska",1783965146449,1783965227060,automatic,0,-153.238,58.923,76.8
av94306993,-0.84,"79 km NW of Ninilchik, Alaska",1783964946600,1784007042080,reviewed,0,-152.816333333333,60.4816666666667,4.11
us7000t04b,4.9,South Sandwich Islands region,1783964719903,1783965902040,reviewed,0,-25.0342,-58.601,35.0
us7000t048,5.0,"5 km SE of Butulan, Philippines",1783964669061,1783965561040,reviewed,0,125.4626,5.577,20.408
ci10245838,0.48,"20 km NNE of Indio, CA",1783964333650,1783974572580,reviewed,0,-116.166166666667,33.8915,6.17
ci41292807,0.62,"19 km NNE of Indio, CA",1783964317080,1783974330628,reviewed,0,-116.166666666667,33.8856666666667,5.18
aka2026ntvkyj,1.7,"46 km WNW of Nanwalek, Alaska",1783964238045,1783964314838,automatic,0,-152.658,59.541,87.7
ci41292799,0.55,"15 km SW of Johannesburg, CA",1783963957260,1783980310209,reviewed,0,-117.733666666667,35.2655,3.77
us7000t044,4.5,southeast of the Loyalty Islands,1783963451392,1783964865040,reviewed,0,171.5971,-22.8062,10.0
ci41292791,1.0,"20 km E of Little Lake, CA",1783963432590,1783973968995,reviewed,0,-117.679666666667,35.9466666666667,4.64
ci41292783,0.85,"17 km WSW of Johannesburg, CA",1783963308860,1783966476855,reviewed,0,-117.804666666667,35.3083333333333,7.52
us7000t042,4.7,southeast of the Loyalty Islands,1783963259816,1783964274040,reviewed,0,171.5924,-22.8424,10.0
tx2026nrpndn,1.7,"11 km N of Toyah, Texas",1783963053884,1783972016962,reviewed,0,-103.787,31.416,4.3439
hv75001741,2.24,"19 km E of Kalaoa, Hawaii",1783962934260,1783963148040,automatic,0,-155.796829223633,19.7360000610352,29.9599990844727
us7000t046,4.5,southeast of the Loyalty Islands,1783962934252,1783964599040,reviewed,0,171.5259,-22.8403,10.0
ci41292767,1.05,"17 km WSW of Johannesburg, CA",1783962474360,1783963464256,reviewed,0,-117.8065,35.314,6.74
ci41292759,1.06,"18 km WSW of Johannesburg, CA",1783962461310,1783963340032,reviewed,0,-117.815166666667,35.3125,8.1
ci41292751,1.15,"17 km WSW of Johannesburg, CA",1783962410250,1783963355780,reviewed,0,-117.806833333333,35.3036666666667,7.63
ci41292743,2.23,"17 km WSW of Johannesburg, CA",1783962071460,1783964935771,reviewed,0,-117.806333333333,35.3041666666667,7.4
ci41292735,1.08,"6 km E of Calimesa, CA",1783962013930,1783964722234,reviewed,0,-116.991833333333,33.9888333333333,15.83
av94306918,0.45,"22 km WNW of Ivanof Bay, Alaska",1783962002720,1784006261390,reviewed,0,-159.812833333333,55.9888333333333,12.18
nc75395061,2.15,"9 km ESE of Cloverdale, CA",1783961858980,1783969641946,automatic,0,-122.928337097168,38.7596664428711,5.82999992370605
ci41292727,1.65,"18 km WSW of Johannesburg, CA",1783961828810,1783963409924,reviewed,0,-117.819666666667,35.3131666666667,8.29
aka2026ntuczb,1.6,"23 km W of Ivanof Bay, Alaska",1783961785415,1783961858388,automatic,0,-159.854,55.864,6.1
ci41292719,1.1,"18 km WSW of Johannesburg, CA",1783961651900,1783963418215,reviewed,0,-117.812333333333,35.3083333333333,7.27
ci41292711,1.11,"18 km WSW of Johannesburg, CA",1783961597580,1783977748986,reviewed,0,-117.818833333333,35.303,9.81
ci10245790,0.59,"18 km WSW of Johannesburg, CA",1783961585890,1783966368112,reviewed,0,-117.802333333333,35.2876666666667,0.78
nc75395056,1.08,"11 km NW of The Geysers, CA",1783961522330,1783961617818,automatic,0,-122.846664428711,38.84716796875,1.3400000333786
ci10245862,0.77,"18 km WSW of Johannesburg, CA",1783961435410,1783980172201,reviewed,0,-117.814166666667,35.3003333333333,9.55
ci41292703,1.25,"17 km WSW of Johannesburg, CA",1783961406060,1783979820947,reviewed,0,-117.806666666667,35.302,9.77
ci10245854,1.18,"17 km WSW of Johannesburg, CA",1783961399140,1783979943643,reviewed,0,-117.802666666667,35.313,8.42
pr71523783,2.38,"0 km SW of Guánica, Puerto Rico",1783961265720,1783962237880,reviewed,0,-66.9116666666667,17.9678333333333,14.4
ci41292695,1.02,"17 km WSW of Johannesburg, CA",1783961150220,1783963468245,reviewed,0,-117.808333333333,35.3068333333333,8.29
ci41292687,4.31762677888687,"18 km WSW of Johannesburg, CA",1783960855170,1784026256710,reviewed,0,-117.814833333333,35.3121666666667,7.55
us7000t02f,5.1,southeast of the Loyalty Islands,1783960290321,1783963684040,reviewed,0,171.3991,-22.8289,10.0
av94306878,0.47,"33 km WNW of Dutch Harbor, Alaska",1783960242140,1784005240340,reviewed,0,-167.032166666667,53.9575,30.38
ci41292671,1.12,"10 km NE of Running Springs, CA",1783959611490,1783959812776,automatic,0,-117.023833333333,34.2693333333333,5.01
ci41292655,0.4,"15 km WSW of Searles Valley, CA",1783958985080,1783962629511,reviewed,0,-117.561166666667,35.7336666666667,3.65
ci41292647,1.37,"23 km NNW of Tehachapi, CA",1783958671120,1783958873669,automatic,0,-118.556666666667,35.3188333333333,3.98
tx2026nrncew,1.8,"31 km W of Fort Stockton, Texas",1783958614273,1783959439274,reviewed,0,-103.203,30.913,4.9976
nc75395021,0.44,"7 km WNW of Cobb, CA",1783958346250,1783958442379,automatic,0,-122.799163818359,38.836498260498,2.20000004768372
nc75395016,1.21,"9 km NE of San Simeon, CA",1783958314100,1783961244897,automatic,0,-121.109497070312,35.6875,7.01000022888184
tx2026nrmcsu,1.5,"59 km S of Whites City, New Mexico",1783956883282,1783958315493,reviewed,0,-104.377,31.64,6.0999
hv75001721,1.94,"14 km SE of Pāhala, Hawaii",1783956778290,1783956990500,automatic,0,-155.372161865234,19.1246662139893,28.5599994659424
av94306803,-0.31,"86 km NW of Karluk, Alaska",1783956524330,1784004640630,reviewed,0,-155.334,58.1843333333333,0.54
tx2026nrlvwy,1.4,"32 km W of Fort Stockton, Texas",1783956383937,1783960573742,reviewed,0,-103.219,30.945,1.8958
us7000t01w,4.7,southeast of the Loyalty Islands,1783955674815,1783959638040,reviewed,0,171.5407,-22.8636,10.0
nc75394981,0.75,"1 km NW of The Geysers, CA",1783954992880,1783955087015,automatic,0,-122.764999389648,38.7851676940918,3.05999994277954
av93063994,0.52,"73 km WSW of False Pass, Alaska",1783954937670,1784004850900,reviewed,0,-164.427833333333,54.551,6.38
aka2026ntqdge,0.4,"83 km NW of Karluk, Alaska",1783954606193,1784002958240,automatic,0,-155.319,58.159,5.0
uw714048462,1.27,"9 km S of Ellensburg, Washington",1783954416010,1783964594870,reviewed,0,-120.567166666667,46.9103333333333,-0.92
av94306728,-0.21,"10 km SE of Unalaska, Alaska",1783954140310,1784001547110,reviewed,0,-166.4375,53.8005,10.05
aka2026ntpwjv,1.3,"27 km N of Chickaloon, Alaska",1783954133233,1783954206358,automatic,0,-148.363,62.035,44.2
us7000t01n,6.3,southeast of the Loyalty Islands,1783953949203,1783961694389,reviewed,0,171.5199,-22.7889,10.0
us7000t01l,4.2,"35 km S of Kazarman, Kyrgyzstan",1783953780761,1783968404040,reviewed,0,73.9665,41.0854,10.0
aka2026ntpkru,2.1,"55 km WNW of Nanwalek, Alaska",1783953324795,1783953487833,automatic,0,-152.867,59.481,85.9
tx2026nrkbjv,1.1,"18 km SSW of Lindsay, Texas",1783953125623,1783973593857,reviewed,0,-103.592,31.21,4.8181
ci41292583,0.65,"2 km ESE of Beaumont, CA",1783952820520,1783980522064,reviewed,0,-116.953833333333,33.9226666666667,18.06
nc75394946,1.53,"29 km S of Mammoth Lakes, CA",1783952757860,1783955240225,automatic,0,-119.016166687012,37.3816680908203,6.82000017166138
pr71523738,2.46,"0 km WSW of Guánica, Puerto Rico",1783952581950,1783953242200,reviewed,0,-66.9135,17.9685,13.97
ci41292575,0.48,"14 km NE of Ojai, CA",1783952395990,1783972719476,reviewed,0,-119.155333333333,34.5466666666667,0.27
tx2026nrjkrx,1.2,"16 km W of Stanton, Texas",1783951970195,1783957659495,reviewed,0,-101.958,32.105,8.9111
nc75394936,2.2,"7 km W of Petrolia, CA",1783951887140,1783953442021,automatic,0,-124.362663269043,40.3310012817383,16.75
ci41292567,1.15,"4 km ENE of Llano, CA",1783951316020,1783958797013,reviewed,0,-117.744333333333,34.5115,8.24
ci41292559,0.72,"5 km ENE of Llano, CA",1783951085750,1783959131552,reviewed,0,-117.734666666667,34.5121666666667,7.91
tx2026nriyal,1.6,"23 km E of Dilley, Texas",1783951079993,1783976589249,reviewed,0,-98.93,28.689,7.6417
ci41292551,0.88,"10 km SSE of Big Bear Lake, CA",1783950896250,1783961931291,reviewed,0,-116.884,34.1551666666667,1.1
tx2026nriolq,1.0,"10 km W of Forsan, Texas",1783950421614,1783972974964,reviewed,0,-101.478,32.123,6.5186
av93063984,0.77,"75 km WSW of False Pass, Alaska",1783950086170,1784000497170,reviewed,0,-164.457666666667,54.55,8.15
nc75394921,1.14,"3 km NW of The Geysers, CA",1783949866430,1783952540916,automatic,0,-122.77783203125,38.7938346862793,3.08999991416931
pr71523713,2.51,"0 km E of Guánica, Puerto Rico",1783949476010,1783952916130,reviewed,0,-66.9005,17.9725,13.73
aka2026ntnbzr,1.8,"35 km NW of Lake Louise, Alaska",1783949114956,1783949224040,automatic,0,-146.995,62.526,5.0
hv75001681,1.88,"26 km NNW of Pāhala, Hawaii",1783948751760,1783948967260,automatic,0,-155.585830688477,19.4218330383301,40.4500007629395
pr71523698,2.29,"2 km W of Indios, Puerto Rico",1783948749860,1783950233030,reviewed,0,-66.8438333333333,17.9943333333333,14.9
ci41292543,0.7,"4 km NNE of Ocotillo Wells, CA",1783948459650,1783948658886,automatic,0,-116.117666666667,33.1728333333333,9.16
nc75394916,1.26,"7 km WNW of Cobb, CA",1783948098980,1783951041732,automatic,0,-122.801170349121,38.8358345031738,2.19000005722046
av94306573,-0.23,"64 km ENE of Pedro Bay, Alaska",1783947825490,1783991520080,reviewed,0,-153.088,60.0563333333333,0.44
av93063979,0.17,"75 km WNW of Karluk, Alaska",1783947624000,1783991129570,reviewed,0,-155.515,57.9455,13.73
hv75001676,2.0,"4 km SW of Pāhala, Hawaii",1783947222110,1783947434100,automatic,0,-155.504333496094,19.173999786377,31.2000007629395
ci41292535,1.03,"17 km WSW of Johannesburg, CA",1783947029710,1783949398186,reviewed,0,-117.802166666667,35.3086666666667,6.76
uw714048332,0.68,"39 km NE of Amboy, Washington",1783946962640,1783961023860,reviewed,0,-122.1505,46.2025,6.93
nn00921605,1.61,"26 km SE of Rachel, Nevada",1783946804256,1783970644832,reviewed,0,-115.5668,37.4494,11.0413
nc75394901,1.54,"5 km NW of The Geysers, CA",1783946720930,1783949542552,automatic,0,-122.79133605957,38.8144989013672,2.6800000667572
nc75394896,1.93,"9 km WNW of Cobb, CA",1783946187750,1783948044378,automatic,0,-122.822166442871,38.8414993286133,0.540000021457672
av94306523,-0.68,"74 km NW of Ninilchik, Alaska",1783946123200,1783989987560,reviewed,0,-152.7185,60.4721666666667,-0.52
pr71523688,2.31,"1 km SSW of Guánica, Puerto Rico",1783945824380,1783946206330,reviewed,0,-66.9123333333333,17.9613333333333,14.62
aka2026ntlaxs,0.9,"8 km NNE of Diamond Ridge, Alaska",1783945450096,1783945520654,automatic,0,-151.528,59.747,57.4
ci41292519,0.51,"4 km WSW of Anza, CA",1783945265930,1783949459295,reviewed,0,-116.7115,33.5403333333333,5.32
us7000t014,4.8,south of the Fiji Islands,1783945198505,1783948014040,reviewed,0,-176.3145,-24.1915,10.0
av94306498,1.09,"12 km N of Adak, Alaska",1783945186330,1783989747290,reviewed,0,-176.66,51.9843333333333,23.08
