id,magnitude,place,time,updated,status,tsunami,longitude,latitude,depth,date,hour
atti5z8g,5.2,"111 km SE of False Pass, Alaska",2026-07-14 12:12:16.000,2026-07-14 12:14:56.339,automatic,0,-162.444,54.029,1.0,2026-07-14,12
nc75395621,0.34,"5 km SSE of Parkfield, CA",2026-07-14 12:10:32.790,2026-07-14 12:12:07.219,automatic,0,-120.39933013916,35.8585014343262,2.85999989509583,2026-07-14,12
nc75395606,1.14,"5 km SSE of Parkfield, CA",2026-07-14 12:03:27.530,2026-07-14 12:05:02.045,automatic,0,-120.400329589844,35.857666015625,3.42000007629395,2026-07-14,12
aka2026nvgfep,2.3,"35 km SE of Denali National Park, Alaska",2026-07-14 11:58:18.364,2026-07-14 12:00:16.527,automatic,0,-151.282,63.287,5.0,2026-07-14,11
ci41293807,0.39,"24 km N of Ridgecrest, CA",2026-07-14 11:56:29.170,2026-07-14 11:59:59.022,automatic,0,-117.6585,35.8336666666667,8.24,2026-07-14,11
nc75395601,2.1,"11 km ESE of Gilroy, CA",2026-07-14 11:56:00.910,2026-07-14 12:12:23.647,automatic,0,-121.454498291016,36.9718322753906,5.30000019073486,2026-07-14,11
ci41293799,0.65,"23 km N of Ridgecrest, CA",2026-07-14 11:55:08.430,2026-07-14 11:58:45.967,automatic,0,-117.6645,35.8283333333333,7.79,2026-07-14,11
ci41293791,1.07,"23 km N of Ridgecrest, CA",2026-07-14 11:54:24.590,2026-07-14 11:58:41.988,automatic,0,-117.663,35.831,7.93,2026-07-14,11
ci41293783,0.36,"24 km N of Ridgecrest, CA",2026-07-14 11:54:02.410,2026-07-14 11:57:24.927,automatic,0,-117.6585,35.832,8.91,2026-07-14,11
ci41293775,0.73,"23 km N of Ridgecrest, CA",2026-07-14 11:52:57.660,2026-07-14 11:56:23.941,automatic,0,-117.663,35.8316666666667,7.33,2026-07-14,11
nc75395596,1.84,"6 km SE of Parkfield, CA",2026-07-14 11:52:21.080,2026-07-14 12:07:20.530,automatic,0,-120.39282989502,35.8531684875488,5.28000020980835,2026-07-14,11
nc75395591,2.14,"6 km SSE of Parkfield, CA",2026-07-14 11:51:28.590,2026-07-14 11:57:22.461,automatic,0,-120.39966583252,35.8549995422363,4.42000007629395,2026-07-14,11
nc75395586,1.09,"10 km NW of The Geysers, CA",2026-07-14 11:50:14.470,2026-07-14 11:51:50.912,automatic,0,-122.851165771484,38.8313331604004,1.4099999666214,2026-07-14,11
aka2026nvfvcs,1.1,"114 km SE of McCarthy, Alaska",2026-07-14 11:46:48.942,2026-07-14 11:48:36.434,automatic,0,-141.5,60.666,16.1,2026-07-14,11
aka2026nvfugb,1.6,"5 km ESE of Sutton-Alpine, Alaska",2026-07-14 11:45:48.968,2026-07-14 11:47:04.505,automatic,0,-148.669,61.768,4.0,2026-07-14,11
aka2026nvfjny,1.6,"73 km ENE of Ugashik, Alaska",2026-07-14 11:33:28.676,2026-07-14 11:34:30.157,automatic,0,-156.199,57.664,5.0,2026-07-14,11
hv75002281,2.45,"2 km N of Pāhala, Hawaii",2026-07-14 11:31:39.470,2026-07-14 11:35:11.440,automatic,0,-155.480163574219,19.2234992980957,32.5999984741211,2026-07-14,11
nc75395581,0.48,"3 km NNW of The Geysers, CA",2026-07-14 11:25:26.370,2026-07-14 11:27:01.797,automatic,0,-122.768836975098,38.8026657104492,3.77999997138977,2026-07-14,11
ci41293751,1.5,"20 km ENE of Little Lake, CA",2026-07-14 11:25:21.370,2026-07-14 11:28:46.508,automatic,0,-117.7135,36.0213333333333,2.3,2026-07-14,11
nc75395576,2.69,"11 km ESE of Gilroy, CA",2026-07-14 11:11:56.190,2026-07-14 11:18:38.966,automatic,0,-121.451835632324,36.9674987792969,3.48000001907349,2026-07-14,11
hv75002271,2.1,"4 km SSW of Pāhala, Hawaii",2026-07-14 11:07:15.820,2026-07-14 11:10:40.060,automatic,0,-155.496505737305,19.1668338775635,30.3700008392334,2026-07-14,11
ci41293743,1.2,"18 km WSW of Johannesburg, CA",2026-07-14 11:04:24.980,2026-07-14 11:07:52.839,automatic,0,-117.8175,35.302,8.82,2026-07-14,11
us7000t0am,4.0,"209 km W of Port McNeill, Canada",2026-07-14 10:58:09.498,2026-07-14 11:48:28.222,reviewed,0,-130.0482,50.7308,10.0,2026-07-14,10
ci41293735,1.17,"9 km SE of Oak Hills, CA",2026-07-14 10:39:31.290,2026-07-14 10:42:59.768,automatic,0,-117.304333333333,34.33,28.47,2026-07-14,10
nc75395571,1.53,"9 km NW of Redwood Valley, CA",2026-07-14 10:26:44.600,2026-07-14 11:47:24.391,automatic,0,-123.263999938965,39.3274993896484,5.92000007629395,2026-07-14,10
ci41293727,1.06,"18 km WSW of Johannesburg, CA",2026-07-14 10:23:29.100,2026-07-14 10:26:53.464,automatic,0,-117.82,35.3035,8.62,2026-07-14,10
pr71523998,2.0,"4 km SW of Sabana Grande, Puerto Rico",2026-07-14 10:20:24.810,2026-07-14 11:30:09.170,reviewed,0,-66.9905,18.0446666666667,10.29,2026-07-14,10
aka2026nvcmky,2.2,"16 km W of Cohoe, Alaska",2026-07-14 10:06:50.098,2026-07-14 10:21:36.158,automatic,0,-151.606,60.389,70.8,2026-07-14,10
nc75395551,0.34,"1 km NNW of The Geysers, CA",2026-07-14 09:52:42.730,2026-07-14 09:54:19.331,automatic,0,-122.761497497559,38.7900009155273,2.51999998092651,2026-07-14,9
us7000t0ag,4.4,"25 km SE of Tambolaka, Indonesia",2026-07-14 09:52:36.501,2026-07-14 10:15:22.040,reviewed,0,119.3992,-9.5899,48.661,2026-07-14,9
aka2026nvbnaz,1.5,"95 km NNW of Yakutat, Alaska",2026-07-14 09:37:34.356,2026-07-14 09:39:13.673,automatic,0,-140.512,60.308,19.8,2026-07-14,9
tx2026nsvrfn,1.6,"31 km NW of Toyah, Texas",2026-07-14 09:27:00.506,2026-07-14 10:01:18.328,automatic,0,-104.018,31.522,4.9322,2026-07-14,9
nc75395546,1.49,"5 km NNW of Redwood Valley, CA",2026-07-14 09:12:00.990,2026-07-14 09:42:20.522,automatic,0,-123.219665527344,39.3089981079102,2.34999990463257,2026-07-14,9
pr71523978,2.76,"0 km ENE of Guánica, Puerto Rico",2026-07-14 08:59:14.040,2026-07-14 10:34:37.440,reviewed,0,-66.904,17.9731666666667,12.94,2026-07-14,8
aka2026nuzyqb,1.2,"23 km SW of Ester, Alaska",2026-07-14 08:50:56.818,2026-07-14 08:52:08.959,automatic,0,-148.298,64.672,0.2,2026-07-14,8
ci41293711,1.06,"17 km WSW of Johannesburg, CA",2026-07-14 08:46:42.800,2026-07-14 08:50:07.676,automatic,0,-117.809666666667,35.3163333333333,7.61,2026-07-14,8
nc75395541,2.3,"2 km WSW of Granite Bay, CA",2026-07-14 08:44:44.650,2026-07-14 09:07:23.277,automatic,0,-121.182662963867,38.7565002441406,9.52000045776367,2026-07-14,8
ci41293703,0.85,"3 km NE of San Dimas, CA",2026-07-14 08:40:47.710,2026-07-14 08:44:20.291,automatic,0,-117.7835,34.1296666666667,12.69,2026-07-14,8
tx2026nstrra,1.8,"59 km S of Whites City, New Mexico",2026-07-14 08:27:01.126,2026-07-14 08:30:31.379,automatic,0,-104.414,31.637,3.1984,2026-07-14,8
tx2026nstpck,1.8,"59 km S of Whites City, New Mexico",2026-07-14 08:27:01.117,2026-07-14 09:00:38.073,automatic,0,-104.413,31.638,3.2377,2026-07-14,8
ci41293687,0.85,"7 km SSW of Redlands, CA",2026-07-14 08:26:35.730,2026-07-14 08:29:59.800,automatic,0,-117.204166666667,33.9926666666667,15.51,2026-07-14,8
us7000t0a3,5.6,"11 km N of Pichigua, Peru",2026-07-14 08:21:06.499,2026-07-14 10:31:31.536,reviewed,0,-71.4358,-14.5779,140.088,2026-07-14,8
us7000t09z,4.9,"50 km E of Noda, Japan",2026-07-14 08:07:30.199,2026-07-14 11:29:35.723,reviewed,0,142.4075,40.1657,44.48,2026-07-14,8
aka2026nuygnk,2.2,"76 km W of Akhiok, Alaska",2026-07-14 08:00:04.534,2026-07-14 08:01:48.350,automatic,0,-155.436,56.978,0.3,2026-07-14,8
ci41293679,1.23,"17 km SW of La Quinta, CA",2026-07-14 07:57:17.830,2026-07-14 08:07:34.790,automatic,0,-116.452333333333,33.5731666666667,10.8,2026-07-14,7
pr71523953,3.17,"1 km S of Guánica, Puerto Rico",2026-07-14 07:55:56.970,2026-07-14 11:14:48.045,reviewed,0,-66.9076666666667,17.962,13.64,2026-07-14,7
hv75002206,1.7,"25 km ESE of Naalehu, Hawaii",2026-07-14 07:54:09.660,2026-07-14 07:57:37.710,automatic,0,-155.352005004883,18.9978332519531,31.0300006866455,2026-07-14,7
ci41293671,0.81,"15 km W of Johannesburg, CA",2026-07-14 07:53:47.100,2026-07-14 07:57:17.524,automatic,0,-117.7945,35.3613333333333,6.02,2026-07-14,7
aka2026nuxyrh,3.8,"80 km W of Akhiok, Alaska",2026-07-14 07:51:01.013,2026-07-14 07:53:50.810,automatic,0,-155.49,56.984,0.0,2026-07-14,7
ci41293663,0.25,"9 km S of Idyllwild, CA",2026-07-14 07:49:01.130,2026-07-14 07:52:31.351,automatic,0,-116.7075,33.6571666666667,14.97,2026-07-14,7
aka2026nuxwjd,1.8,"19 km NW of Girdwood, Alaska",2026-07-14 07:48:22.024,2026-07-14 07:58:09.429,automatic,0,-149.419,61.069,21.2,2026-07-14,7
ci41293655,1.21,"11 km NNW of Anza, CA",2026-07-14 07:45:16.280,2026-07-14 07:56:26.660,automatic,0,-116.717166666667,33.6428333333333,15.98,2026-07-14,7
aka2026nuxtcr,1.6,"13 km SSW of Tanana, Alaska",2026-07-14 07:44:34.671,2026-07-14 07:46:41.358,automatic,0,-152.223,65.068,9.5,2026-07-14,7
us7000t09u,5.0,"117 km E of Noda, Japan",2026-07-14 07:44:09.565,2026-07-14 08:00:45.040,reviewed,0,143.1932,40.1338,11.338,2026-07-14,7
ci41293647,0.52,"6 km SSE of Redlands, CA",2026-07-14 07:33:57.930,2026-07-14 07:37:24.503,automatic,0,-117.150333333333,34.0103333333333,4.53,2026-07-14,7
ci41293639,0.86,"6 km SSE of Redlands, CA",2026-07-14 07:24:29.380,2026-07-14 07:27:50.057,automatic,0,-117.154,34.0106666666667,4.12,2026-07-14,7
nc75395531,0.91,"11 km WNW of The Geysers, CA",2026-07-14 07:24:12.040,2026-07-14 07:25:50.111,automatic,0,-122.867500305176,38.8296661376953,2.52999997138977,2026-07-14,7
pr71523943,2.22,"2 km NW of Tallaboa, Puerto Rico",2026-07-14 07:24:03.580,2026-07-14 11:20:57.230,reviewed,0,-66.7343333333333,18.0135,15.01,2026-07-14,7
us7000t09r,4.8,"18 km WSW of Mabiton, Philippines",2026-07-14 07:18:47.994,2026-07-14 08:27:35.040,reviewed,0,123.0967,12.7846,10.0,2026-07-14,7
ci41293631,1.18,"6 km SSE of Redlands, CA",2026-07-14 07:14:30.230,2026-07-14 07:18:01.564,automatic,0,-117.151833333333,34.0096666666667,3.99,2026-07-14,7
ci41293623,0.39,"7 km WSW of Anza, CA",2026-07-14 07:12:26.170,2026-07-14 07:15:59.081,automatic,0,-116.737833333333,33.5253333333333,2.89,2026-07-14,7
aka2026nuwois,1.6,"62 km NNE of Petersville, Alaska",2026-07-14 07:09:08.003,2026-07-14 07:10:37.865,automatic,0,-150.354,63.026,102.0,2026-07-14,7
nn00921644,1.55,"49 km SSW of Rachel, Nevada",2026-07-14 07:05:14.473,2026-07-14 07:09:17.213,automatic,0,-115.8639,37.2096,0.0008,2026-07-14,7
us7000t09m,5.2,"14 km WSW of Mabiton, Philippines",2026-07-14 07:04:54.275,2026-07-14 09:44:36.087,reviewed,0,123.136,12.7967,10.0,2026-07-14,7
nc75395526,1.02,"7 km NW of The Geysers, CA",2026-07-14 06:57:31.890,2026-07-14 06:59:10.109,automatic,0,-122.804000854492,38.8241653442383,2.50999999046326,2026-07-14,6
nc75395521,1.08,"4 km W of Cobb, CA",2026-07-14 06:52:19.720,2026-07-14 06:53:54.861,automatic,0,-122.765830993652,38.8253326416016,1.98000001907349,2026-07-14,6
nc75395516,1.44,"2 km W of Glen Ellen, CA",2026-07-14 06:51:43.480,2026-07-14 07:22:19.552,automatic,0,-122.554664611816,38.3665008544922,7.57000017166138,2026-07-14,6
us7000t09h,4.6,"48 km NNE of Kon Tum, Vietnam",2026-07-14 06:48:05.687,2026-07-14 09:18:42.040,reviewed,0,108.227,14.7321,10.0,2026-07-14,6
ci41293599,0.54,"7 km WSW of Anza, CA",2026-07-14 06:45:00.980,2026-07-14 06:48:32.378,automatic,0,-116.736333333333,33.525,2.79,2026-07-14,6
ci41293591,1.88,"34 km NE of Ensenada, B.C., MX",2026-07-14 06:42:29.690,2026-07-14 06:53:07.200,automatic,0,-116.383333333333,32.0966666666667,7.79,2026-07-14,6
us7000t09g,4.4,"191 km N of Tobelo, Indonesia",2026-07-14 06:37:37.880,2026-07-14 07:01:02.040,reviewed,0,128.0077,3.4609,107.53,2026-07-14,6
hv75002156,2.75,"3 km SSW of Pāhala, Hawaii",2026-07-14 06:32:08.370,2026-07-14 08:41:10.040,automatic,0,-155.495666503906,19.1771659851074,29.2199993133545,2026-07-14,6
hv75002151,2.34,"3 km SE of Pa‘auilo, Hawaii",2026-07-14 06:27:27.350,2026-07-14 08:11:21.040,automatic,0,-155.348007202148,20.0121669769287,9.93000030517578,2026-07-14,6
ci41293583,1.27,"17 km WSW of Johannesburg, CA",2026-07-14 06:19:03.640,2026-07-14 06:22:22.212,automatic,0,-117.803,35.312,6.31,2026-07-14,6
ci41293575,0.26,"7 km WSW of Anza, CA",2026-07-14 06:18:07.090,2026-07-14 06:21:36.288,automatic,0,-116.738166666667,33.5248333333333,2.88,2026-07-14,6
ci41293567,0.91,"8 km NE of San Jacinto, CA",2026-07-14 06:16:13.220,2026-07-14 06:19:34.897,automatic,0,-116.901833333333,33.8398333333333,22.89,2026-07-14,6
ci41293559,0.84,"4 km SSW of Redlands, CA",2026-07-14 06:16:04.520,2026-07-14 06:19:38.881,automatic,0,-117.194166666667,34.025,4.06,2026-07-14,6
us7000t097,4.8,Mid-Indian Ridge,2026-07-14 06:15:06.359,2026-07-14 06:33:33.040,reviewed,0,66.9107,-14.9372,10.0,2026-07-14,6
pr71523938,2.59,"2 km WSW of Indios, Puerto Rico",2026-07-14 06:06:57.640,2026-07-14 11:13:15.700,reviewed,0,-66.8398333333333,17.9853333333333,15.68,2026-07-14,6
tx2026nsoujh,1.4,"32 km SE of Malaga, New Mexico",2026-07-14 05:59:23.052,2026-07-14 08:31:15.513,reviewed,0,-103.859,31.996,7.1509,2026-07-14,5
ci41293551,1.57,"8 km SSE of Malibu Beach, CA",2026-07-14 05:56:50.780,2026-07-14 06:00:28.436,automatic,0,-118.657333333333,33.9678333333333,10.15,2026-07-14,5
pr71523928,1.96,"6 km S of Jobos, Puerto Rico",2026-07-14 05:51:51.450,2026-07-14 10:56:17.710,reviewed,0,-66.1566666666667,17.8936666666667,32.25,2026-07-14,5
tx2026nsomvs,0.5,"28 km WSW of Ackerly, Texas",2026-07-14 05:50:33.827,2026-07-14 10:52:16.517,reviewed,0,-102.004,32.434,6.958,2026-07-14,5
ci41293543,0.84,"19 km WSW of Johannesburg, CA",2026-07-14 05:47:27.680,2026-07-14 05:50:53.343,automatic,0,-117.8205,35.3021666666667,8.8,2026-07-14,5
ci41293535,2.46,"18 km WSW of Johannesburg, CA",2026-07-14 05:44:51.870,2026-07-14 05:55:48.380,automatic,0,-117.820166666667,35.31,8.29,2026-07-14,5
ci41293527,0.63,"18 km SSW of Searles Valley, CA",2026-07-14 05:38:15.420,2026-07-14 05:41:33.208,automatic,0,-117.4765,35.6176666666667,5.25,2026-07-14,5
tx2026nsoblz,0.6,"30 km SSE of Whites City, New Mexico",2026-07-14 05:37:22.001,2026-07-14 09:43:06.576,reviewed,0,-104.23,31.932,1.9214,2026-07-14,5
uw714049242,1.78353226184845,"15 km E of West Side Highway, Washington",2026-07-14 05:36:15.560,2026-07-14 05:38:38.860,automatic,0,-122.721496582031,46.1918334960938,19.25,2026-07-14,5
ci41293519,1.85,"4 km ESE of Vincent, CA",2026-07-14 05:31:40.200,2026-07-14 05:35:13.295,automatic,0,-118.0765,34.4911666666667,10.47,2026-07-14,5
ci41293511,0.66,"7 km ESE of Valle Vista, CA",2026-07-14 05:27:50.780,2026-07-14 05:31:13.873,automatic,0,-116.824333333333,33.7133333333333,16.9,2026-07-14,5
tx2026nsnqkz,1.1,"11 km SSW of Jal, New Mexico",2026-07-14 05:24:57.981,2026-07-14 09:33:35.011,reviewed,0,-103.243,32.017,5.7922,2026-07-14,5
pr71523913,2.18,"2 km SSW of Guánica, Puerto Rico",2026-07-14 05:22:53.780,2026-07-14 10:44:39.650,reviewed,0,-66.9156666666667,17.9531666666667,14.53,2026-07-14,5
ci41293503,0.86,"19 km WSW of Johannesburg, CA",2026-07-14 05:19:41.650,2026-07-14 05:23:10.695,automatic,0,-117.820666666667,35.3025,9.0,2026-07-14,5
hv75002101,2.47,"18 km SSE of Pāhala, Hawaii",2026-07-14 05:19:11.790,2026-07-14 05:26:09.040,automatic,0,-155.386169433594,19.0601673126221,35.6699981689453,2026-07-14,5
hv75002096,1.71,"12 km ESE of Pāhala, Hawaii",2026-07-14 05:00:06.830,2026-07-14 05:03:30.670,automatic,0,-155.367340087891,19.1691665649414,29.9099998474121,2026-07-14,5
ci41293495,1.7,"22 km ESE of Anza, CA",2026-07-14 04:56:37.900,2026-07-14 05:00:14.536,automatic,0,-116.450333333333,33.4813333333333,12.1,2026-07-14,4
tx2026nsmgxg,1.1,"12 km SW of Jal, New Mexico",2026-07-14 04:43:19.643,2026-07-14 09:56:18.107,reviewed,0,-103.272,32.025,5.9973,2026-07-14,4
nc75395481,0.75,"2 km NW of The Geysers, CA",2026-07-14 04:41:24.780,2026-07-14 04:42:59.852,automatic,0,-122.773002624512,38.7866668701172,1.03999996185303,2026-07-14,4
nc75395471,0.44,"7 km NW of The Geysers, CA",2026-07-14 04:28:54.540,2026-07-14 04:30:29.737,automatic,0,-122.81583404541,38.8185005187988,2.57999992370605,2026-07-14,4
ci41293487,0.79,"20 km WNW of Progreso, B.C., MX",2026-07-14 04:18:56.180,2026-07-14 04:22:20.853,automatic,0,-115.78,32.6445,7.71,2026-07-14,4
ci41293479,0.82,"18 km WSW of Johannesburg, CA",2026-07-14 04:18:36.970,2026-07-14 04:22:04.127,automatic,0,-117.818833333333,35.3015,8.95,2026-07-14,4
nm60505943,2.22,"3 km N of Strawberry, Arkansas",2026-07-14 04:18:01.770,2026-07-14 12:12:52.790,reviewed,0,-91.3216666666667,35.9993333333333,10.82,2026-07-14,4
pr71523908,2.48,"1 km S of Guánica, Puerto Rico",2026-07-14 04:16:44.010,2026-07-14 10:50:15.920,reviewed,0,-66.911,17.9546666666667,14.44,2026-07-14,4
ci41293471,0.43,"16 km E of Little Lake, CA",2026-07-14 04:15:32.000,2026-07-14 04:19:02.462,automatic,0,-117.732333333333,35.916,7.78,2026-07-14,4
pr71523893,2.35,"3 km S of Maria Antonia, Puerto Rico",2026-07-14 04:15:12.500,2026-07-14 10:37:48.260,reviewed,0,-66.8838333333333,17.9471666666667,7.21,2026-07-14,4
nc75395456,1.49,"2 km WSW of Wilkerson, CA",2026-07-14 03:59:11.710,2026-07-14 04:47:25.515,automatic,0,-118.404663085938,37.2696647644043,12.4899997711182,2026-07-14,3
ci41293463,1.36,"17 km WSW of Johannesburg, CA",2026-07-14 03:56:46.710,2026-07-14 04:00:12.252,automatic,0,-117.803,35.3145,7.4,2026-07-14,3
nc75395451,1.26,"15 km SE of Pinnacles, CA",2026-07-14 03:42:59.420,2026-07-14 04:22:22.324,automatic,0,-121.032333374023,36.4324989318848,7.73999977111816,2026-07-14,3
ci41293455,1.05,"11 km WSW of Niland, CA",2026-07-14 03:31:53.780,2026-07-14 03:35:18.092,automatic,0,-115.628,33.2156666666667,3.44,2026-07-14,3
ci41293447,0.83,"4 km ENE of Llano, CA",2026-07-14 03:26:10.750,2026-07-14 03:29:28.635,automatic,0,-117.746833333333,34.5123333333333,9.16,2026-07-14,3
us7000t08m,4.2,"9 km ESE of Jurm, Afghanistan",2026-07-14 03:22:25.677,2026-07-14 03:31:52.040,reviewed,0,70.9297,36.8385,211.576,2026-07-14,3
nc75395446,1.86,"11 km ESE of Willits, CA",2026-07-14 03:21:31.050,2026-07-14 03:57:23.543,automatic,0,-123.231330871582,39.3728332519531,6.73000001907349,2026-07-14,3
nc75395441,1.48,"13 km WNW of Calistoga, CA",2026-07-14 03:01:36.870,2026-07-14 03:32:20.390,automatic,0,-122.705665588379,38.6353340148926,6.55999994277954,2026-07-14,3
ci41293439,0.76,"5 km S of Redlands, CA",2026-07-14 03:00:14.530,2026-07-14 03:03:34.708,automatic,0,-117.176666666667,34.0088333333333,4.9,2026-07-14,3
pr71523888,2.66,"3 km WNW of Fuig, Puerto Rico",2026-07-14 02:57:15.920,2026-07-14 10:20:20.130,reviewed,0,-66.9495,17.9971666666667,12.39,2026-07-14,2
tx2026nsirkh,1.7,"54 km W of Mentone, Texas",2026-07-14 02:54:48.840,2026-07-14 07:58:20.011,reviewed,0,-104.169,31.702,7.3944,2026-07-14,2
tx2026nsiljz,1.6,"57 km NW of Toyah, Texas",2026-07-14 02:47:50.964,2026-07-14 08:15:41.724,reviewed,0,-104.27,31.627,7.3303,2026-07-14,2
aka2026nunqyn,1.9,"65 km SE of Denali National Park, Alaska",2026-07-14 02:42:17.787,2026-07-14 02:43:57.110,automatic,0,-150.791,63.132,126.5,2026-07-14,2
ci41293431,0.9,"20 km N of Searles Valley, CA",2026-07-14 02:34:43.790,2026-07-14 02:38:10.878,automatic,0,-117.3905,35.9496666666667,2.45,2026-07-14,2
tx2026nshnds,1.8,"42 km NW of Toyah, Texas",2026-07-14 02:19:43.986,2026-07-14 07:35:03.212,reviewed,0,-104.137,31.562,7.074,2026-07-14,2
ci41293423,0.74,"12 km SW of Searles Valley, CA",2026-07-14 02:18:57.220,2026-07-14 02:22:19.931,automatic,0,-117.502,35.7008333333333,5.51,2026-07-14,2
nc75395421,0.79,"3 km ESE of The Geysers, CA",2026-07-14 02:16:59.680,2026-07-14 02:18:34.840,automatic,0,-122.728668212891,38.7675018310547,2.0699999332428,2026-07-14,2
ci41293415,1.21214365967078,"10 km NW of Anza, CA",2026-07-14 02:08:43.760,2026-07-14 02:10:50.192,automatic,0,-116.745666503906,33.6213340759277,19.7000007629395,2026-07-14,2
ci41293407,1.11,"17 km N of Indio, CA",2026-07-14 02:05:47.490,2026-07-14 02:09:13.577,automatic,0,-116.2055,33.8736666666667,8.42,2026-07-14,2
nc75395411,1.07,"7 km NW of The Geysers, CA",2026-07-14 01:55:09.170,2026-07-14 01:56:44.616,automatic,0,-122.81600189209,38.8154983520508,2.69000005722046,2026-07-14,1
nc75395391,0.75,"7 km NW of The Geysers, CA",2026-07-14 01:38:48.640,2026-07-14 01:40:24.437,automatic,0,-122.817337036133,38.8129997253418,2.01999998092651,2026-07-14,1
us7000t085,4.6,"34 km SE of Sarangani, Philippines",2026-07-14 01:38:24.646,2026-07-14 01:53:42.040,reviewed,0,125.6791,5.1842,66.185,2026-07-14,1
us7000t083,4.9,southeast of the Loyalty Islands,2026-07-14 01:27:30.487,2026-07-14 02:06:56.040,reviewed,0,171.4439,-22.7425,10.0,2026-07-14,1
ci41293391,0.87,"15 km NE of Little Lake, CA",2026-07-14 01:21:57.380,2026-07-14 01:25:27.668,automatic,0,-117.769,36.018,2.0,2026-07-14,1
us7000t07s,5.0,"2 km WSW of Congregación Reforma, Mexico",2026-07-14 01:19:59.535,2026-07-14 05:45:33.664,reviewed,0,-92.3316,14.7717,80.448,2026-07-14,1
tx2026nsfgfx,0.7,"10 km S of Ackerly, Texas",2026-07-14 01:12:52.852,2026-07-14 10:15:53.724,reviewed,0,-101.714,32.434,3.6865,2026-07-14,1
hv75002021,2.67,"16 km SE of Fern Forest, Hawaii",2026-07-14 01:07:50.770,2026-07-14 02:12:59.040,automatic,0,-155.031997680664,19.3595008850098,4.11999988555908,2026-07-14,1
aka2026nuknam,1.6,"32 km NNE of Petersville, Alaska",2026-07-14 01:07:46.361,2026-07-14 01:09:25.049,automatic,0,-150.499,62.76,85.0,2026-07-14,1
us7000t07r,4.6,"6 km NW of San Rafael, Philippines",2026-07-14 01:03:15.881,2026-07-14 07:27:26.124,reviewed,0,122.9157,13.1309,10.0,2026-07-14,1
nc75395381,0.28,"2 km WNW of The Geysers, CA",2026-07-14 01:02:48.350,2026-07-14 01:04:25.443,automatic,0,-122.779167175293,38.7831649780273,5.21999979019165,2026-07-14,1
nc75395376,1.13,"9 km SE of Cloverdale, CA",2026-07-14 00:38:38.140,2026-07-14 02:12:23.809,automatic,0,-122.930000305176,38.7546653747559,2.60999989509583,2026-07-14,0
ci41293375,1.45,"2 km W of Orange, CA",2026-07-14 00:26:35.840,2026-07-14 00:37:36.190,automatic,0,-117.856333333333,33.8036666666667,4.75,2026-07-14,0
nc75395356,1.02,"13 km ENE of Cloverdale, CA",2026-07-14 00:21:17.510,2026-07-14 00:22:54.816,automatic,0,-122.880332946777,38.8424987792969,2.33999991416931,2026-07-14,0
ci41293359,1.18,"0 km E of Loma Linda, CA",2026-07-14 00:07:03.790,2026-07-14 00:10:28.191,automatic,0,-117.2565,34.0483333333333,14.74,2026-07-14,0
tx2026nsczdp,0.1,"40 km WSW of Ackerly, Texas",2026-07-14 00:02:46.466,2026-07-14 11:15:36.405,automatic,0,-102.109,32.383,4.7584,2026-07-14,0
av93064049,0.75,"8 km E of Unalaska, Alaska",2026-07-13 23:52:15.230,2026-07-14 07:10:47.820,reviewed,0,-166.4125,53.8675,11.61,2026-07-13,23
pr71523878,2.15,"2 km SE of Boquerón, Puerto Rico",2026-07-13 23:51:57.990,2026-07-14 00:27:10.330,reviewed,0,-67.1533333333333,18.0065,13.82,2026-07-13,23
tx2026nscgby,1.8,"16 km NNW of Toyah, Texas",2026-07-13 23:43:06.317,2026-07-14 00:00:38.201,automatic,0,-103.867,31.453,8.1547,2026-07-13,23
nc75395346,0.88,"7 km WNW of Cobb, CA",2026-07-13 23:34:20.310,2026-07-13 23:35:54.890,automatic,0,-122.800498962402,38.8381652832031,2.11999988555908,2026-07-13,23
nc75395341,1.61,"7 km NW of The Geysers, CA",2026-07-13 23:34:15.150,2026-07-14 01:22:21.458,automatic,0,-122.8193359375,38.8144989013672,2.65000009536743,2026-07-13,23
nc75395331,0.45,"8 km WNW of Cobb, CA",2026-07-13 23:19:51.840,2026-07-13 23:21:29.703,automatic,0,-122.813835144043,38.8371658325195,2.16000008583069,2026-07-13,23
ci41293327,1.7,"5 km NNW of Boron, CA",2026-07-13 23:19:51.200,2026-07-14 00:12:19.349,reviewed,0,-117.6695,35.0431666666667,-0.79,2026-07-13,23
nc75395326,0.88,"8 km WNW of Cobb, CA",2026-07-13 23:12:03.110,2026-07-13 23:13:40.760,automatic,0,-122.811836242676,38.8371658325195,2.17000007629395,2026-07-13,23
ci41293303,0.62,"3 km E of Running Springs, CA",2026-07-13 23:09:25.480,2026-07-14 00:05:55.937,reviewed,0,-117.075,34.2093333333333,4.01,2026-07-13,23
aka2026nugnky,2.7,"25 km N of Fishhook, Alaska",2026-07-13 23:08:20.930,2026-07-13 23:51:29.129,automatic,0,-149.178,61.972,29.2,2026-07-13,23
aka2026nuggtl,0.9,"4 km E of Fox, Alaska",2026-07-13 23:00:36.484,2026-07-13 23:01:49.866,automatic,0,-147.528,64.953,5.0,2026-07-13,23
pr71523868,1.46,"6 km S of Guánica, Puerto Rico",2026-07-13 23:00:27.720,2026-07-13 23:14:56.790,reviewed,0,-66.9088333333333,17.9098333333333,13.79,2026-07-13,23
ci41293279,0.47,"19 km W of Searles Valley, CA",2026-07-13 22:59:43.840,2026-07-13 23:55:28.909,reviewed,0,-117.612,35.7826666666667,10.3,2026-07-13,22
aka2026nugcox,1.2,"7 km WSW of Chickaloon, Alaska",2026-07-13 22:55:47.441,2026-07-13 22:57:09.657,automatic,0,-148.605,61.78,7.8,2026-07-13,22
ci41293255,1.06,"18 km WSW of Johannesburg, CA",2026-07-13 22:53:42.000,2026-07-13 22:57:02.015,automatic,0,-117.818,35.3145,8.72,2026-07-13,22
ci41293247,2.25,"17 km WSW of Johannesburg, CA",2026-07-13 22:49:16.170,2026-07-13 23:57:19.790,reviewed,0,-117.813666666667,35.3166666666667,4.73,2026-07-13,22
nc75395311,0.7,"5 km WNW of Cobb, CA",2026-07-13 22:40:35.170,2026-07-13 22:42:09.473,automatic,0,-122.783164978027,38.8375015258789,2.10999989509583,2026-07-13,22
aka2026nufgcf,1.1,"10 km E of Healy, Alaska",2026-07-13 22:29:50.936,2026-07-13 22:31:26.338,automatic,0,-148.76,63.842,116.6,2026-07-13,22
nc75395296,0.77,"7 km NW of The Geysers, CA",2026-07-13 22:26:36.470,2026-07-13 22:28:15.247,automatic,0,-122.813667297363,38.8203315734863,2.80999994277954,2026-07-13,22
ci41293207,0.7,"7 km E of Calimesa, CA",2026-07-13 22:15:04.740,2026-07-13 22:18:36.245,automatic,0,-116.973166666667,33.9973333333333,11.55,2026-07-13,22
ci41293199,1.08,"7 km E of Calimesa, CA",2026-07-13 22:06:53.700,2026-07-13 23:57:10.230,reviewed,0,-116.976333333333,33.9971666666667,11.09,2026-07-13,22
tx2026nrzcyg,1.2,"38 km NW of Toyah, Texas",2026-07-13 22:06:29.981,2026-07-13 22:09:59.595,automatic,0,-104.05,31.588,5.954,2026-07-13,22
ci41293191,1.19,"17 km WSW of Johannesburg, CA",2026-07-13 22:01:11.630,2026-07-13 23:56:19.653,reviewed,0,-117.815333333333,35.3225,6.84,2026-07-13,22
us7000t06z,4.4,Greenland Sea,2026-07-13 22:00:50.419,2026-07-13 23:36:47.040,reviewed,0,7.8819,73.7141,10.0,2026-07-13,22
aka2026nueaik,1.6,"17 km NE of Karluk, Alaska",2026-07-13 21:53:13.440,2026-07-13 21:54:48.172,automatic,0,-154.223,57.671,43.6,2026-07-13,21
aka2026nudvkh,2.1,"70 km WSW of Karluk, Alaska",2026-07-13 21:47:32.151,2026-07-13 21:49:13.321,automatic,0,-155.433,57.223,14.1,2026-07-13,21
pr71523848,2.29,"3 km S of Guánica, Puerto Rico",2026-07-13 21:47:12.170,2026-07-13 22:05:39.490,reviewed,0,-66.9141666666667,17.9378333333333,14.34,2026-07-13,21
av93064039,0.22,"6 km W of Dutch Harbor, Alaska",2026-07-13 21:46:32.120,2026-07-14 07:02:17.310,reviewed,0,-166.644,53.8956666666667,9.38,2026-07-13,21
av93064034,-0.19,"87 km NNW of Karluk, Alaska",2026-07-13 21:42:58.050,2026-07-14 06:53:16.760,reviewed,0,-154.977,58.3001666666667,2.14,2026-07-13,21
aka2026nudqtv,1.4,"107 km WNW of Yakutat, Alaska",2026-07-13 21:42:11.484,2026-07-13 21:43:41.847,automatic,0,-141.425,59.986,22.0,2026-07-13,21
pr71523858,2.2,"6 km S of Guánica, Puerto Rico",2026-07-13 21:39:32.570,2026-07-13 22:05:33.440,reviewed,0,-66.909,17.9111666666667,14.64,2026-07-13,21
pr71523833,2.69,"4 km S of Guánica, Puerto Rico",2026-07-13 21:38:23.850,2026-07-14 09:39:30.170,reviewed,0,-66.9151666666667,17.9288333333333,14.48,2026-07-13,21
hv75001851,2.28,"4 km SW of Pāhala, Hawaii",2026-07-13 21:32:27.260,2026-07-14 00:20:30.820,reviewed,0,-155.505,19.1695,30.9,2026-07-13,21
us7000t06l,4.3,Greenland Sea,2026-07-13 21:30:18.011,2026-07-13 23:05:14.040,reviewed,0,8.2919,73.6953,10.0,2026-07-13,21
pr71523823,1.63,"2 km SSW of Guánica, Puerto Rico",2026-07-13 21:29:37.680,2026-07-13 21:37:12.660,reviewed,0,-66.9155,17.9495,14.52,2026-07-13,21
ci41293167,1.07,"18 km WSW of Johannesburg, CA",2026-07-13 21:28:02.740,2026-07-13 22:17:34.498,reviewed,0,-117.815166666667,35.315,8.91,2026-07-13,21
ci41293159,0.8,"16 km WSW of Johannesburg, CA",2026-07-13 21:25:12.920,2026-07-13 23:09:09.549,reviewed,0,-117.801166666667,35.316,7.15,2026-07-13,21
nc75395266,1.5,"9 km SE of Cloverdale, CA",2026-07-13 21:19:04.340,2026-07-13 23:47:27.857,automatic,0,-122.929496765137,38.7551651000977,5.3600001335144,2026-07-13,21
nc75395261,1.81,"9 km SSE of Cloverdale, CA",2026-07-13 21:17:30.600,2026-07-13 23:22:20.695,automatic,0,-122.967666625977,38.7386665344238,0.959999978542328,2026-07-13,21
us7000t06f,4.5,"145 km NNE of Sorong, Indonesia",2026-07-13 21:06:07.520,2026-07-13 22:40:52.040,reviewed,0,131.6675,0.3702,10.0,2026-07-13,21
us7000t06d,5.0,southeast of the Loyalty Islands,2026-07-13 21:03:37.178,2026-07-13 21:21:26.040,reviewed,0,171.5098,-22.9464,10.0,2026-07-13,21
av93064029,0.96,"75 km WSW of False Pass, Alaska",2026-07-13 21:03:06.120,2026-07-14 06:43:17.120,reviewed,0,-164.449166666667,54.548,4.23,2026-07-13,21
pr71523818,1.76,"1 km SSW of Guánica, Puerto Rico",2026-07-13 21:02:10.180,2026-07-13 21:16:24.090,reviewed,0,-66.917,17.9576666666667,15.01,2026-07-13,21
tx2026nrwsar,1.6,"57 km S of Whites City, New Mexico",2026-07-13 20:53:29.084,2026-07-13 21:00:59.663,automatic,0,-104.367,31.656,6.714,2026-07-13,20
ci41293111,1.03,"17 km WSW of Johannesburg, CA",2026-07-13 20:46:04.040,2026-07-13 22:50:43.584,reviewed,0,-117.808,35.3165,8.28,2026-07-13,20
aka2026nubpcw,1.3,"3 km NNW of Farmers Loop, Alaska",2026-07-13 20:40:18.861,2026-07-13 20:41:24.421,automatic,0,-147.736,64.94,5.0,2026-07-13,20
nc75395251,0.43,"6 km WNW of The Geysers, CA",2026-07-13 20:40:10.330,2026-07-13 20:41:44.710,automatic,0,-122.814163208008,38.7998352050781,3.16000008583069,2026-07-13,20
nc75395246,0.32,"3 km NW of The Geysers, CA",2026-07-13 20:36:32.160,2026-07-13 20:38:09.135,automatic,0,-122.781669616699,38.7948341369629,3.42000007629395,2026-07-13,20
ci41293079,0.7,"19 km NNE of Indio, CA",2026-07-13 20:34:57.280,2026-07-13 20:55:30.792,reviewed,0,-116.171,33.8845,5.38,2026-07-13,20
ci41293071,0.98,"17 km WSW of Johannesburg, CA",2026-07-13 20:33:56.300,2026-07-13 21:01:05.042,reviewed,0,-117.811666666667,35.3161666666667,8.44,2026-07-13,20
av93064024,-0.53,"Rat Islands, Aleutian Islands, Alaska",2026-07-13 20:31:26.010,2026-07-14 06:38:45.830,reviewed,0,178.559166666667,51.9831666666667,7.52,2026-07-13,20
nc75395241,1.19,"3 km SE of The Geysers, CA",2026-07-13 20:29:29.640,2026-07-13 20:47:26.652,automatic,0,-122.728500366211,38.757999420166,2.27999997138977,2026-07-13,20
aka2026nuayne,1.0,"92 km N of Karluk, Alaska",2026-07-13 20:21:09.766,2026-07-14 06:36:15.590,automatic,0,-154.688,58.389,5.0,2026-07-13,20
nc75395231,1.21,"3 km SE of Pacifica, CA",2026-07-13 20:17:45.420,2026-07-13 22:07:23.180,automatic,0,-122.463668823242,37.599666595459,8.60000038146973,2026-07-13,20
ci41293039,1.55,"17 km WSW of Johannesburg, CA",2026-07-13 19:59:50.420,2026-07-13 20:14:07.933,reviewed,0,-117.809833333333,35.3156666666667,7.36,2026-07-13,19
aka2026nuaawj,1.7,"5 km E of Sutton-Alpine, Alaska",2026-07-13 19:53:54.573,2026-07-13 19:59:50.284,automatic,0,-148.654,61.78,0.7,2026-07-13,19
ci41293023,1.1,"4 km N of Frazier Park, CA",2026-07-13 19:52:38.730,2026-07-13 23:57:15.090,reviewed,0,-118.950333333333,34.8575,14.34,2026-07-13,19
us7000t05y,4.8,southeast of the Loyalty Islands,2026-07-13 19:48:32.876,2026-07-13 20:10:01.040,reviewed,0,171.5441,-23.0777,10.0,2026-07-13,19
hv75001786,2.12,"6 km SSW of Pāhala, Hawaii",2026-07-13 19:37:46.040,2026-07-13 19:41:20.060,automatic,0,-155.50700378418,19.154167175293,29.8600006103516,2026-07-13,19
ci10245830,0.22,"11 km SSW of Searles Valley, CA",2026-07-13 19:35:33.740,2026-07-13 20:42:22.898,reviewed,0,-117.429666666667,35.6675,8.32,2026-07-13,19
ci41292999,1.13,"18 km WSW of Johannesburg, CA",2026-07-13 19:35:32.850,2026-07-13 20:42:38.611,reviewed,0,-117.813333333333,35.3081666666667,8.92,2026-07-13,19
ci41292991,1.39,"18 km WSW of Johannesburg, CA",2026-07-13 19:29:28.980,2026-07-13 19:34:56.953,reviewed,0,-117.806166666667,35.2941666666667,7.36,2026-07-13,19
ci41292983,1.2,"18 km WSW of Johannesburg, CA",2026-07-13 19:26:42.810,2026-07-13 19:35:12.701,reviewed,0,-117.807666666667,35.293,7.27,2026-07-13,19
ci41292975,0.95,"17 km WSW of Johannesburg, CA",2026-07-13 19:25:09.080,2026-07-13 19:39:38.935,reviewed,0,-117.815,35.3183333333333,8.21,2026-07-13,19
uw714048722,1.57,"3 km E of Granite Falls, Washington",2026-07-13 19:24:49.530,2026-07-14 02:13:43.100,reviewed,0,-121.917333333333,48.088,-0.39,2026-07-13,19
pr71523808,2.42,"68 km N of Cruz Bay, U.S. Virgin Islands",2026-07-13 19:23:13.700,2026-07-13 19:47:42.190,reviewed,0,-64.7318333333333,18.947,9.84,2026-07-13,19
ci41292967,1.1,"16 km SSW of Tehachapi, CA",2026-07-13 19:22:05.500,2026-07-13 19:36:29.764,reviewed,0,-118.5095,34.9976666666667,9.25,2026-07-13,19
ci41292943,1.18,"17 km WSW of Johannesburg, CA",2026-07-13 19:19:14.680,2026-07-13 19:47:02.288,reviewed,0,-117.805333333333,35.319,7.29,2026-07-13,19
ci10245814,0.86,"17 km WSW of Johannesburg, CA",2026-07-13 19:18:56.130,2026-07-13 19:53:35.931,reviewed,0,-117.802666666667,35.3001666666667,7.3,2026-07-13,19
ci41292935,1.01,"18 km WSW of Johannesburg, CA",2026-07-13 19:18:14.220,2026-07-13 19:36:46.526,reviewed,0,-117.806166666667,35.2965,7.2,2026-07-13,19
ci10245878,1.14,"18 km WSW of Johannesburg, CA",2026-07-13 19:17:16.180,2026-07-13 22:43:36.418,reviewed,0,-117.8105,35.3023333333333,7.65,2026-07-13,19
ci41292927,1.13,"18 km WSW of Johannesburg, CA",2026-07-13 19:16:54.060,2026-07-13 22:21:08.676,reviewed,0,-117.805166666667,35.2985,8.45,2026-07-13,19
ci41292919,1.99,"19 km WSW of Johannesburg, CA",2026-07-13 19:11:16.140,2026-07-13 19:43:07.080,reviewed,0,-117.8165,35.2971666666667,8.61,2026-07-13,19
ci41292911,1.13,"17 km WSW of Johannesburg, CA",2026-07-13 19:09:11.360,2026-07-13 19:37:19.095,reviewed,0,-117.812666666667,35.317,8.66,2026-07-13,19
ci41292903,0.68,"3 km NW of Hemet, CA",2026-07-13 19:07:06.860,2026-07-13 19:39:54.749,reviewed,0,-116.9945,33.7661666666667,16.62,2026-07-13,19
aka2026ntylsq,1.5,"27 km W of Ivanof Bay, Alaska",2026-07-13 19:06:22.853,2026-07-14 06:25:15.010,automatic,0,-159.912,55.858,8.8,2026-07-13,19
ci41292895,2.12,"19 km NNE of Indio, CA",2026-07-13 19:04:01.650,2026-07-13 19:41:00.660,reviewed,0,-116.171333333333,33.8848333333333,4.64,2026-07-13,19
aka2026ntydlg,3.7,"Rat Islands, Aleutian Islands, Alaska",2026-07-13 19:01:02.766,2026-07-14 07:19:44.900,reviewed,0,177.703,50.373,172.3,2026-07-13,19
ci41292879,1.14,"6 km S of Mojave, CA",2026-07-13 18:57:12.180,2026-07-13 20:00:26.804,reviewed,0,-118.18,34.9998333333333,-0.89,2026-07-13,18
ok2026nqbo,0.79,"2 km E of Burbank, Oklahoma",2026-07-13 18:55:54.679,2026-07-13 20:38:41.442,reviewed,0,-96.70066667,36.6985,0.0,2026-07-13,18
ci41292871,2.39,"18 km WSW of Johannesburg, CA",2026-07-13 18:54:20.510,2026-07-13 19:14:28.530,reviewed,0,-117.8085,35.2961666666667,7.85,2026-07-13,18
nn00921621,1.89,"25 km WNW of Tonopah, Nevada",2026-07-13 18:53:44.238,2026-07-13 19:08:09.745,reviewed,0,-117.5152,38.13,11.1072,2026-07-13,18
av93064009,0.7,"76 km WSW of False Pass, Alaska",2026-07-13 18:45:06.980,2026-07-14 05:47:13.050,reviewed,0,-164.470166666667,54.549,8.56,2026-07-13,18
nc75395151,2.8,"22 km NW of Petrolia, CA",2026-07-13 18:44:28.260,2026-07-14 08:35:45.102,automatic,0,-124.480331420898,40.4591674804688,18.6000003814697,2026-07-13,18
ok2026nqav,1.5,"4 km SW of Hulbert, Oklahoma",2026-07-13 18:33:14.960,2026-07-13 20:38:39.092,reviewed,0,-95.17733333,35.9055,0.0,2026-07-13,18
ci41292863,1.02,"22 km NNW of Borrego Springs, CA",2026-07-13 18:31:22.280,2026-07-13 20:13:08.958,reviewed,0,-116.442333333333,33.4413333333333,12.48,2026-07-13,18
ci41292855,2.58,"18 km WSW of Johannesburg, CA",2026-07-13 18:29:13.590,2026-07-13 20:21:24.161,reviewed,0,-117.807333333333,35.2945,7.77,2026-07-13,18
ci41292847,1.59,"17 km WSW of Johannesburg, CA",2026-07-13 18:26:34.500,2026-07-13 18:56:10.467,reviewed,0,-117.809,35.3156666666667,7.3,2026-07-13,18
aka2026ntwzfs,1.6,"64 km ENE of Pedro Bay, Alaska",2026-07-13 18:22:04.524,2026-07-13 18:29:09.434,automatic,0,-153.093,60.056,126.4,2026-07-13,18
nc75395116,1.62,"3 km ENE of The Geysers, CA",2026-07-13 18:17:50.870,2026-07-13 19:42:23.203,automatic,0,-122.726997375488,38.7900009155273,0.860000014305115,2026-07-13,18
aka2026ntwvfw,0.3,"84 km NW of Karluk, Alaska",2026-07-13 18:17:26.025,2026-07-14 05:37:12.470,automatic,0,-155.338,58.168,5.0,2026-07-13,18
ci41292839,1.24,"5 km SSE of Home Gardens, CA",2026-07-13 18:15:21.650,2026-07-13 18:40:22.532,reviewed,0,-117.495666666667,33.8415,-0.51,2026-07-13,18
tx2026nrrgmi,2.1,"44 km NW of Toyah, Texas",2026-07-13 18:09:13.856,2026-07-13 20:20:29.510,reviewed,0,-104.111,31.611,5.6769,2026-07-13,18
tx2026nrrene,1.6,"36 km SSW of Los Ybanez, Texas",2026-07-13 18:06:56.893,2026-07-13 18:47:01.602,reviewed,0,-102.119,32.436,8.8135,2026-07-13,18
ci41292831,1.3,"18 km WSW of Johannesburg, CA",2026-07-13 17:59:00.830,2026-07-13 18:14:04.335,reviewed,0,-117.817166666667,35.3036666666667,8.26,2026-07-13,17
us7000t04s,4.0,"215 km WNW of Anamizu, Japan",2026-07-13 17:58:26.654,2026-07-13 18:57:25.040,reviewed,0,134.5791,37.8376,412.725,2026-07-13,17
ci41292823,1.02,"10 km N of Coso Junction, CA",2026-07-13 17:58:17.750,2026-07-13 18:14:19.857,reviewed,0,-117.931,36.1298333333333,5.15,2026-07-13,17
aka2026ntwdbj,1.2,"30 km NNE of Whittier, Alaska",2026-07-13 17:56:31.103,2026-07-13 17:59:47.558,automatic,0,-148.407,61.008,13.2,2026-07-13,17
aka2026ntvzoc,1.1,"89 km WSW of Nanwalek, Alaska",2026-07-13 17:52:26.449,2026-07-13 17:53:47.060,automatic,0,-153.238,58.923,76.8,2026-07-13,17
av94306993,-0.84,"79 km NW of Ninilchik, Alaska",2026-07-13 17:49:06.600,2026-07-14 05:30:42.080,reviewed,0,-152.816333333333,60.4816666666667,4.11,2026-07-13,17
us7000t04b,4.9,South Sandwich Islands region,2026-07-13 17:45:19.903,2026-07-13 18:05:02.040,reviewed,0,-25.0342,-58.601,35.0,2026-07-13,17
us7000t048,5.0,"5 km SE of Butulan, Philippines",2026-07-13 17:44:29.061,2026-07-13 17:59:21.040,reviewed,0,125.4626,5.577,20.408,2026-07-13,17
ci10245838,0.48,"20 km NNE of Indio, CA",2026-07-13 17:38:53.650,2026-07-13 20:29:32.580,reviewed,0,-116.166166666667,33.8915,6.17,2026-07-13,17
ci41292807,0.62,"19 km NNE of Indio, CA",2026-07-13 17:38:37.080,2026-07-13 20:25:30.628,reviewed,0,-116.166666666667,33.8856666666667,5.18,2026-07-13,17
aka2026ntvkyj,1.7,"46 km WNW of Nanwalek, Alaska",2026-07-13 17:37:18.045,2026-07-13 17:38:34.838,automatic,0,-152.658,59.541,87.7,2026-07-13,17
ci41292799,0.55,"15 km SW of Johannesburg, CA",2026-07-13 17:32:37.260,2026-07-13 22:05:10.209,reviewed,0,-117.733666666667,35.2655,3.77,2026-07-13,17
us7000t044,4.5,southeast of the Loyalty Islands,2026-07-13 17:24:11.392,2026-07-13 17:47:45.040,reviewed,0,171.5971,-22.8062,10.0,2026-07-13,17
ci41292791,1.0,"20 km E of Little Lake, CA",2026-07-13 17:23:52.590,2026-07-13 20:19:28.995,reviewed,0,-117.679666666667,35.9466666666667,4.64,2026-07-13,17
ci41292783,0.85,"17 km WSW of Johannesburg, CA",2026-07-13 17:21:48.860,2026-07-13 18:14:36.855,reviewed,0,-117.804666666667,35.3083333333333,7.52,2026-07-13,17
us7000t042,4.7,southeast of the Loyalty Islands,2026-07-13 17:20:59.816,2026-07-13 17:37:54.040,reviewed,0,171.5924,-22.8424,10.0,2026-07-13,17
tx2026nrpndn,1.7,"11 km N of Toyah, Texas",2026-07-13 17:17:33.884,2026-07-13 19:46:56.962,reviewed,0,-103.787,31.416,4.3439,2026-07-13,17
hv75001741,2.24,"19 km E of Kalaoa, Hawaii",2026-07-13 17:15:34.260,2026-07-13 17:19:08.040,automatic,0,-155.796829223633,19.7360000610352,29.9599990844727,2026-07-13,17
us7000t046,4.5,southeast of the Loyalty Islands,2026-07-13 17:15:34.252,2026-07-13 17:43:19.040,reviewed,0,171.5259,-22.8403,10.0,2026-07-13,17
ci41292767,1.05,"17 km WSW of Johannesburg, CA",2026-07-13 17:07:54.360,2026-07-13 17:24:24.256,reviewed,0,-117.8065,35.314,6.74,2026-07-13,17
ci41292759,1.06,"18 km WSW of Johannesburg, CA",2026-07-13 17:07:41.310,2026-07-13 17:22:20.032,reviewed,0,-117.815166666667,35.3125,8.1,2026-07-13,17
ci41292751,1.15,"17 km WSW of Johannesburg, CA",2026-07-13 17:06:50.250,2026-07-13 17:22:35.780,reviewed,0,-117.806833333333,35.3036666666667,7.63,2026-07-13,17
ci41292743,2.23,"17 km WSW of Johannesburg, CA",2026-07-13 17:01:11.460,2026-07-13 17:48:55.771,reviewed,0,-117.806333333333,35.3041666666667,7.4,2026-07-13,17
ci41292735,1.08,"6 km E of Calimesa, CA",2026-07-13 17:00:13.930,2026-07-13 17:45:22.234,reviewed,0,-116.991833333333,33.9888333333333,15.83,2026-07-13,17
av94306918,0.45,"22 km WNW of Ivanof Bay, Alaska",2026-07-13 17:00:02.720,2026-07-14 05:17:41.390,reviewed,0,-159.812833333333,55.9888333333333,12.18,2026-07-13,17
nc75395061,2.15,"9 km ESE of Cloverdale, CA",2026-07-13 16:57:38.980,2026-07-13 19:07:21.946,automatic,0,-122.928337097168,38.7596664428711,5.82999992370605,2026-07-13,16
ci41292727,1.65,"18 km WSW of Johannesburg, CA",2026-07-13 16:57:08.810,2026-07-13 17:23:29.924,reviewed,0,-117.819666666667,35.3131666666667,8.29,2026-07-13,16
aka2026ntuczb,1.6,"23 km W of Ivanof Bay, Alaska",2026-07-13 16:56:25.415,2026-07-13 16:57:38.388,automatic,0,-159.854,55.864,6.1,2026-07-13,16
ci41292719,1.1,"18 km WSW of Johannesburg, CA",2026-07-13 16:54:11.900,2026-07-13 17:23:38.215,reviewed,0,-117.812333333333,35.3083333333333,7.27,2026-07-13,16
ci41292711,1.11,"18 km WSW of Johannesburg, CA",2026-07-13 16:53:17.580,2026-07-13 21:22:28.986,reviewed,0,-117.818833333333,35.303,9.81,2026-07-13,16
ci10245790,0.59,"18 km WSW of Johannesburg, CA",2026-07-13 16:53:05.890,2026-07-13 18:12:48.112,reviewed,0,-117.802333333333,35.2876666666667,0.78,2026-07-13,16
nc75395056,1.08,"11 km NW of The Geysers, CA",2026-07-13 16:52:02.330,2026-07-13 16:53:37.818,automatic,0,-122.846664428711,38.84716796875,1.3400000333786,2026-07-13,16
ci10245862,0.77,"18 km WSW of Johannesburg, CA",2026-07-13 16:50:35.410,2026-07-13 22:02:52.201,reviewed,0,-117.814166666667,35.3003333333333,9.55,2026-07-13,16
ci41292703,1.25,"17 km WSW of Johannesburg, CA",2026-07-13 16:50:06.060,2026-07-13 21:57:00.947,reviewed,0,-117.806666666667,35.302,9.77,2026-07-13,16
ci10245854,1.18,"17 km WSW of Johannesburg, CA",2026-07-13 16:49:59.140,2026-07-13 21:59:03.643,reviewed,0,-117.802666666667,35.313,8.42,2026-07-13,16
pr71523783,2.38,"0 km SW of Guánica, Puerto Rico",2026-07-13 16:47:45.720,2026-07-13 17:03:57.880,reviewed,0,-66.9116666666667,17.9678333333333,14.4,2026-07-13,16
ci41292695,1.02,"17 km WSW of Johannesburg, CA",2026-07-13 16:45:50.220,2026-07-13 17:24:28.245,reviewed,0,-117.808333333333,35.3068333333333,8.29,2026-07-13,16
ci41292687,4.31762677888687,"18 km WSW of Johannesburg, CA",2026-07-13 16:40:55.170,2026-07-14 10:50:56.710,reviewed,0,-117.814833333333,35.3121666666667,7.55,2026-07-13,16
us7000t02f,5.1,southeast of the Loyalty Islands,2026-07-13 16:31:30.321,2026-07-13 17:28:04.040,reviewed,0,171.3991,-22.8289,10.0,2026-07-13,16
av94306878,0.47,"33 km WNW of Dutch Harbor, Alaska",2026-07-13 16:30:42.140,2026-07-14 05:00:40.340,reviewed,0,-167.032166666667,53.9575,30.38,2026-07-13,16
ci41292671,1.12,"10 km NE of Running Springs, CA",2026-07-13 16:20:11.490,2026-07-13 16:23:32.776,automatic,0,-117.023833333333,34.2693333333333,5.01,2026-07-13,16
ci41292655,0.4,"15 km WSW of Searles Valley, CA",2026-07-13 16:09:45.080,2026-07-13 17:10:29.511,reviewed,0,-117.561166666667,35.7336666666667,3.65,2026-07-13,16
ci41292647,1.37,"23 km NNW of Tehachapi, CA",2026-07-13 16:04:31.120,2026-07-13 16:07:53.669,automatic,0,-118.556666666667,35.3188333333333,3.98,2026-07-13,16
tx2026nrncew,1.8,"31 km W of Fort Stockton, Texas",2026-07-13 16:03:34.273,2026-07-13 16:17:19.274,reviewed,0,-103.203,30.913,4.9976,2026-07-13,16
nc75395021,0.44,"7 km WNW of Cobb, CA",2026-07-13 15:59:06.250,2026-07-13 16:00:42.379,automatic,0,-122.799163818359,38.836498260498,2.20000004768372,2026-07-13,15
nc75395016,1.21,"9 km NE of San Simeon, CA",2026-07-13 15:58:34.100,2026-07-13 16:47:24.897,automatic,0,-121.109497070312,35.6875,7.01000022888184,2026-07-13,15
tx2026nrmcsu,1.5,"59 km S of Whites City, New Mexico",2026-07-13 15:34:43.282,2026-07-13 15:58:35.493,reviewed,0,-104.377,31.64,6.0999,2026-07-13,15
hv75001721,1.94,"14 km SE of Pāhala, Hawaii",2026-07-13 15:32:58.290,2026-07-13 15:36:30.500,automatic,0,-155.372161865234,19.1246662139893,28.5599994659424,2026-07-13,15
av94306803,-0.31,"86 km NW of Karluk, Alaska",2026-07-13 15:28:44.330,2026-07-14 04:50:40.630,reviewed,0,-155.334,58.1843333333333,0.54,2026-07-13,15
tx2026nrlvwy,1.4,"32 km W of Fort Stockton, Texas",2026-07-13 15:26:23.937,2026-07-13 16:36:13.742,reviewed,0,-103.219,30.945,1.8958,2026-07-13,15
us7000t01w,4.7,southeast of the Loyalty Islands,2026-07-13 15:14:34.815,2026-07-13 16:20:38.040,reviewed,0,171.5407,-22.8636,10.0,2026-07-13,15
nc75394981,0.75,"1 km NW of The Geysers, CA",2026-07-13 15:03:12.880,2026-07-13 15:04:47.015,automatic,0,-122.764999389648,38.7851676940918,3.05999994277954,2026-07-13,15
av93063994,0.52,"73 km WSW of False Pass, Alaska",2026-07-13 15:02:17.670,2026-07-14 04:54:10.900,reviewed,0,-164.427833333333,54.551,6.38,2026-07-13,15
aka2026ntqdge,0.4,"83 km NW of Karluk, Alaska",2026-07-13 14:56:46.193,2026-07-14 04:22:38.240,automatic,0,-155.319,58.159,5.0,2026-07-13,14
uw714048462,1.27,"9 km S of Ellensburg, Washington",2026-07-13 14:53:36.010,2026-07-13 17:43:14.870,reviewed,0,-120.567166666667,46.9103333333333,-0.92,2026-07-13,14
av94306728,-0.21,"10 km SE of Unalaska, Alaska",2026-07-13 14:49:00.310,2026-07-14 03:59:07.110,reviewed,0,-166.4375,53.8005,10.05,2026-07-13,14
aka2026ntpwjv,1.3,"27 km N of Chickaloon, Alaska",2026-07-13 14:48:53.233,2026-07-13 14:50:06.358,automatic,0,-148.363,62.035,44.2,2026-07-13,14
us7000t01n,6.3,southeast of the Loyalty Islands,2026-07-13 14:45:49.203,2026-07-13 16:54:54.389,reviewed,0,171.5199,-22.7889,10.0,2026-07-13,14
us7000t01l,4.2,"35 km S of Kazarman, Kyrgyzstan",2026-07-13 14:43:00.761,2026-07-13 18:46:44.040,reviewed,0,73.9665,41.0854,10.0,2026-07-13,14
aka2026ntpkru,2.1,"55 km WNW of Nanwalek, Alaska",2026-07-13 14:35:24.795,2026-07-13 14:38:07.833,automatic,0,-152.867,59.481,85.9,2026-07-13,14
tx2026nrkbjv,1.1,"18 km SSW of Lindsay, Texas",2026-07-13 14:32:05.623,2026-07-13 20:13:13.857,reviewed,0,-103.592,31.21,4.8181,2026-07-13,14
ci41292583,0.65,"2 km ESE of Beaumont, CA",2026-07-13 14:27:00.520,2026-07-13 22:08:42.064,reviewed,0,-116.953833333333,33.9226666666667,18.06,2026-07-13,14
nc75394946,1.53,"29 km S of Mammoth Lakes, CA",2026-07-13 14:25:57.860,2026-07-13 15:07:20.225,automatic,0,-119.016166687012,37.3816680908203,6.82000017166138,2026-07-13,14
pr71523738,2.46,"0 km WSW of Guánica, Puerto Rico",2026-07-13 14:23:01.950,2026-07-13 14:34:02.200,reviewed,0,-66.9135,17.9685,13.97,2026-07-13,14
ci41292575,0.48,"14 km NE of Ojai, CA",2026-07-13 14:19:55.990,2026-07-13 19:58:39.476,reviewed,0,-119.155333333333,34.5466666666667,0.27,2026-07-13,14
tx2026nrjkrx,1.2,"16 km W of Stanton, Texas",2026-07-13 14:12:50.195,2026-07-13 15:47:39.495,reviewed,0,-101.958,32.105,8.9111,2026-07-13,14
nc75394936,2.2,"7 km W of Petrolia, CA",2026-07-13 14:11:27.140,2026-07-13 14:37:22.021,automatic,0,-124.362663269043,40.3310012817383,16.75,2026-07-13,14
ci41292567,1.15,"4 km ENE of Llano, CA",2026-07-13 14:01:56.020,2026-07-13 16:06:37.013,reviewed,0,-117.744333333333,34.5115,8.24,2026-07-13,14
ci41292559,0.72,"5 km ENE of Llano, CA",2026-07-13 13:58:05.750,2026-07-13 16:12:11.552,reviewed,0,-117.734666666667,34.5121666666667,7.91,2026-07-13,13
tx2026nriyal,1.6,"23 km E of Dilley, Texas",2026-07-13 13:57:59.993,2026-07-13 21:03:09.249,reviewed,0,-98.93,28.689,7.6417,2026-07-13,13
ci41292551,0.88,"10 km SSE of Big Bear Lake, CA",2026-07-13 13:54:56.250,2026-07-13 16:58:51.291,reviewed,0,-116.884,34.1551666666667,1.1,2026-07-13,13
tx2026nriolq,1.0,"10 km W of Forsan, Texas",2026-07-13 13:47:01.614,2026-07-13 20:02:54.964,reviewed,0,-101.478,32.123,6.5186,2026-07-13,13
av93063984,0.77,"75 km WSW of False Pass, Alaska",2026-07-13 13:41:26.170,2026-07-14 03:41:37.170,reviewed,0,-164.457666666667,54.55,8.15,2026-07-13,13
nc75394921,1.14,"3 km NW of The Geysers, CA",2026-07-13 13:37:46.430,2026-07-13 14:22:20.916,automatic,0,-122.77783203125,38.7938346862793,3.08999991416931,2026-07-13,13
pr71523713,2.51,"0 km E of Guánica, Puerto Rico",2026-07-13 13:31:16.010,2026-07-13 14:28:36.130,reviewed,0,-66.9005,17.9725,13.73,2026-07-13,13
aka2026ntnbzr,1.8,"35 km NW of Lake Louise, Alaska",2026-07-13 13:25:14.956,2026-07-13 13:27:04.040,automatic,0,-146.995,62.526,5.0,2026-07-13,13
hv75001681,1.88,"26 km NNW of Pāhala, Hawaii",2026-07-13 13:19:11.760,2026-07-13 13:22:47.260,automatic,0,-155.585830688477,19.4218330383301,40.4500007629395,2026-07-13,13
pr71523698,2.29,"2 km W of Indios, Puerto Rico",2026-07-13 13:19:09.860,2026-07-13 13:43:53.030,reviewed,0,-66.8438333333333,17.9943333333333,14.9,2026-07-13,13
ci41292543,0.7,"4 km NNE of Ocotillo Wells, CA",2026-07-13 13:14:19.650,2026-07-13 13:17:38.886,automatic,0,-116.117666666667,33.1728333333333,9.16,2026-07-13,13
nc75394916,1.26,"7 km WNW of Cobb, CA",2026-07-13 13:08:18.980,2026-07-13 13:57:21.732,automatic,0,-122.801170349121,38.8358345031738,2.19000005722046,2026-07-13,13
av94306573,-0.23,"64 km ENE of Pedro Bay, Alaska",2026-07-13 13:03:45.490,2026-07-14 01:12:00.080,reviewed,0,-153.088,60.0563333333333,0.44,2026-07-13,13
av93063979,0.17,"75 km WNW of Karluk, Alaska",2026-07-13 13:00:24.000,2026-07-14 01:05:29.570,reviewed,0,-155.515,57.9455,13.73,2026-07-13,13
hv75001676,2.0,"4 km SW of Pāhala, Hawaii",2026-07-13 12:53:42.110,2026-07-13 12:57:14.100,automatic,0,-155.504333496094,19.173999786377,31.2000007629395,2026-07-13,12
ci41292535,1.03,"17 km WSW of Johannesburg, CA",2026-07-13 12:50:29.710,2026-07-13 13:29:58.186,reviewed,0,-117.802166666667,35.3086666666667,6.76,2026-07-13,12
uw714048332,0.68,"39 km NE of Amboy, Washington",2026-07-13 12:49:22.640,2026-07-13 16:43:43.860,reviewed,0,-122.1505,46.2025,6.93,2026-07-13,12
nn00921605,1.61,"26 km SE of Rachel, Nevada",2026-07-13 12:46:44.256,2026-07-13 19:24:04.832,reviewed,0,-115.5668,37.4494,11.0413,2026-07-13,12
nc75394901,1.54,"5 km NW of The Geysers, CA",2026-07-13 12:45:20.930,2026-07-13 13:32:22.552,automatic,0,-122.79133605957,38.8144989013672,2.6800000667572,2026-07-13,12
nc75394896,1.93,"9 km WNW of Cobb, CA",2026-07-13 12:36:27.750,2026-07-13 13:07:24.378,automatic,0,-122.822166442871,38.8414993286133,0.540000021457672,2026-07-13,12
av94306523,-0.68,"74 km NW of Ninilchik, Alaska",2026-07-13 12:35:23.200,2026-07-14 00:46:27.560,reviewed,0,-152.7185,60.4721666666667,-0.52,2026-07-13,12
pr71523688,2.31,"1 km SSW of Guánica, Puerto Rico",2026-07-13 12:30:24.380,2026-07-13 12:36:46.330,reviewed,0,-66.9123333333333,17.9613333333333,14.62,2026-07-13,12
aka2026ntlaxs,0.9,"8 km NNE of Diamond Ridge, Alaska",2026-07-13 12:24:10.096,2026-07-13 12:25:20.654,automatic,0,-151.528,59.747,57.4,2026-07-13,12
ci41292519,0.51,"4 km WSW of Anza, CA",2026-07-13 12:21:05.930,2026-07-13 13:30:59.295,reviewed,0,-116.7115,33.5403333333333,5.32,2026-07-13,12
us7000t014,4.8,south of the Fiji Islands,2026-07-13 12:19:58.505,2026-07-13 13:06:54.040,reviewed,0,-176.3145,-24.1915,10.0,2026-07-13,12
av94306498,1.09,"12 km N of Adak, Alaska",2026-07-13 12:19:46.330,2026-07-14 00:42:27.290,reviewed,0,-176.66,51.9843333333333,23.08,2026-07-13,12
